iterations,time(s),score
0,0.194,-55199.07598764782
1,0.043,-55178.18694477337
2,0.043,-55178.18694477337
3,0.031,-55178.18694477337
4,0.032,-55178.18694477337
5,0.029,-55178.18694477337
6,0.017,-54790.105095823834
7,0.027,-54790.105095823834
8,0.023,-54790.105095823834
9,0.025,-54790.105095823834
10,0.023,-54790.105095823834
11,0.009,-54790.105095823834
12,0.019,-54790.105095823834
13,0.01,-54790.105095823834
14,0.014,-54790.105095823834
15,0.01,-54790.105095823834
16,0.009,-54790.105095823834
17,0.01,-54790.105095823834
18,0.014,-54790.105095823834
19,0.013,-54790.105095823834
20,0.011,-54790.105095823834
21,0.005,-54790.105095823834
22,0.007,-54790.105095823834
23,0.009,-54790.105095823834
24,0.01,-54790.105095823834
25,0.008,-54790.105095823834
26,0.011,-54790.105095823834
27,0.008,-54790.105095823834
28,0.009,-54790.105095823834
29,0.005,-54185.1484517175
30,0.008,-54185.1484517175
31,0.015,-54185.1484517175
32,0.006,-54185.1484517175
33,0.008,-54185.1484517175
34,0.008,-54185.1484517175
35,0.013,-54185.1484517175
36,0.013,-54185.1484517175
37,0.005,-54185.1484517175
38,0.007,-54185.1484517175
39,0.013,-54185.1484517175
40,0.011,-54185.1484517175
41,0.009,-54185.1484517175
42,0.01,-54185.1484517175
43,0.003,-54185.1484517175
44,0.005,-54185.1484517175
45,0.005,-54185.1484517175
46,0.005,-54185.1484517175
47,0.007,-54185.1484517175
48,0.018,-54185.1484517175
49,0.007,-54185.1484517175
50,0.004,-54073.856358411445
51,0.007,-54073.856358411445
52,0.007,-54073.856358411445
53,0.007,-54073.856358411445
54,0.009,-54073.856358411445
55,0.012,-54073.856358411445
56,0.005,-54073.856358411445
57,0.008,-54073.856358411445
58,0.006,-54073.856358411445
59,0.005,-54073.856358411445
60,0.005,-54073.856358411445
61,0.004,-54073.856358411445
62,0.007,-54073.856358411445
63,0.003,-54073.856358411445
64,0.006,-54073.856358411445
65,0.007,-54073.856358411445
66,0.006,-54073.856358411445
67,0.007,-54073.856358411445
68,0.003,-54073.856358411445
69,0.005,-54073.856358411445
70,0.006,-54073.856358411445
71,0.004,-54073.856358411445
72,0.007,-54073.856358411445
73,0.009,-54073.856358411445
74,0.004,-54073.856358411445
75,0.005,-54073.856358411445
76,0.005,-54073.856358411445
77,0.005,-54073.856358411445
78,0.004,-54073.856358411445
79,0.006,-54073.856358411445
80,0.003,-54073.856358411445
81,0.005,-54073.856358411445
82,0.004,-54073.856358411445
83,0.004,-54073.856358411445
84,0.006,-54073.856358411445
85,0.008,-54073.856358411445
86,0.004,-54073.856358411445
87,0.003,-54073.856358411445
88,0.005,-54073.856358411445
89,0.007,-54073.856358411445
90,0.006,-54073.856358411445
91,0.003,-54073.856358411445
92,0.003,-54073.856358411445
93,0.004,-54073.856358411445
94,0.004,-54073.856358411445
95,0.004,-54073.856358411445
96,0.005,-54073.856358411445
97,0.004,-54073.856358411445
98,0.003,-54073.856358411445
99,0.011,-54073.856358411445
100,0.005,-54073.856358411445
101,0.004,-54073.856358411445
102,0.003,-54073.856358411445
103,0.003,-54073.856358411445
104,0.005,-54073.856358411445
105,0.006,-54073.856358411445
106,0.005,-54073.856358411445
107,0.005,-54073.856358411445
108,0.003,-54073.856358411445
109,0.003,-54073.856358411445
110,0.004,-54073.856358411445
111,0.005,-54073.856358411445
112,0.006,-54073.856358411445
113,0.005,-54073.856358411445
114,0.002,-54073.856358411445
115,0.004,-54073.856358411445
116,0.004,-54073.856358411445
117,0.006,-54073.856358411445
118,0.004,-54073.856358411445
119,0.004,-54073.856358411445
120,0.003,-54073.856358411445
121,0.003,-54073.856358411445
122,0.005,-54073.856358411445
123,0.001,-54073.856358411445
124,0.003,-54073.856358411445
125,0.004,-54073.856358411445
126,0.003,-54073.856358411445
127,0.002,-54073.856358411445
128,0.003,-54073.856358411445
129,0.002,-54073.856358411445
130,0.003,-54073.856358411445
131,0.008,-54073.856358411445
132,0.005,-54073.856358411445
133,0.003,-54073.856358411445
134,0.002,-54073.856358411445
135,0.004,-54073.856358411445
136,0.004,-54073.856358411445
137,0.004,-54073.856358411445
138,0.004,-54073.856358411445
139,0.003,-54073.856358411445
140,0.003,-54073.856358411445
141,0.003,-54073.856358411445
142,0.002,-54073.856358411445
143,0.003,-54073.856358411445
144,0.004,-54073.856358411445
145,0.003,-54073.856358411445
146,0.003,-54073.856358411445
147,0.002,-54073.856358411445
148,0.004,-54073.856358411445
149,0.003,-54073.856358411445
150,0.002,-54073.856358411445
151,0.002,-54073.856358411445
152,0.003,-54073.856358411445
153,0.005,-54073.856358411445
154,0.004,-54073.856358411445
155,0.002,-54073.856358411445
156,0.002,-54073.856358411445
157,0.002,-54073.856358411445
158,0.003,-54073.856358411445
159,0.002,-54073.856358411445
160,0.003,-54073.856358411445
161,0.002,-54073.856358411445
162,0.002,-54073.856358411445
163,0.002,-54073.856358411445
164,0.003,-54073.856358411445
165,0.002,-54073.856358411445
166,0.001,-54073.856358411445
167,0.002,-54073.856358411445
168,0.003,-54073.856358411445
169,0.002,-54073.856358411445
170,0.004,-54073.856358411445
171,0.001,-54073.856358411445
172,0.003,-54073.856358411445
173,0.002,-54073.856358411445
174,0.003,-54073.856358411445
175,0.005,-54073.856358411445
176,0.003,-54073.856358411445
177,0.002,-54073.856358411445
178,0.002,-54073.856358411445
179,0.003,-54073.856358411445
180,0.003,-54073.856358411445
181,0.002,-54073.856358411445
182,0.004,-54073.856358411445
183,0.004,-54073.856358411445
184,0.003,-54073.856358411445
185,0.003,-54073.856358411445
186,0.002,-54073.856358411445
187,0.004,-54073.856358411445
188,0.001,-54073.856358411445
189,0.002,-54073.856358411445
190,0.003,-54073.856358411445
191,0.003,-54073.856358411445
192,0.002,-54073.856358411445
193,0.003,-54073.856358411445
194,0.002,-54073.856358411445
195,0.002,-54073.856358411445
196,0.002,-54073.856358411445
197,0.002,-54073.856358411445
198,0.002,-54073.856358411445
199,0.009,-54073.856358411445
200,0.004,-54073.856358411445
201,0.003,-54073.856358411445
202,0.002,-54073.856358411445
203,0.003,-54073.856358411445
204,0.002,-54073.856358411445
205,0.003,-54073.856358411445
206,0.002,-54073.856358411445
207,0.002,-54073.856358411445
208,0.004,-54073.856358411445
209,0.002,-54073.856358411445
210,0.003,-54073.856358411445
211,0.002,-54073.856358411445
212,0.002,-54073.856358411445
213,0.002,-54073.856358411445
214,0.002,-54073.856358411445
215,0.002,-54073.856358411445
216,0.002,-54073.856358411445
217,0.002,-54073.856358411445
218,0.003,-54073.856358411445
219,0.002,-54073.856358411445
220,0.004,-54073.856358411445
221,0.001,-54073.856358411445
222,0.004,-54073.856358411445
223,0.002,-54073.856358411445
224,0.001,-54073.856358411445
225,0.002,-54073.856358411445
226,0.002,-54073.856358411445
227,0.002,-54073.856358411445
228,0.002,-54073.856358411445
229,0.002,-54073.856358411445
230,0.005,-54073.856358411445
231,0.002,-54073.856358411445
232,0.002,-54073.856358411445
233,0.001,-54073.856358411445
234,0.002,-54073.856358411445
235,0.002,-54073.856358411445
236,0.002,-54073.856358411445
237,0.002,-54073.856358411445
238,0.001,-54073.856358411445
239,0.001,-54073.856358411445
240,0.002,-54073.856358411445
241,0.002,-54073.856358411445
242,0.017,-54073.856358411445
243,0.002,-54073.856358411445
244,0.002,-54073.856358411445
245,0.001,-54073.856358411445
246,0.002,-54073.856358411445
247,0.002,-54073.856358411445
248,0.002,-54073.856358411445
249,0.002,-54073.856358411445
250,0.002,-54073.856358411445
251,0.001,-54073.856358411445
252,0.002,-54073.856358411445
253,0.003,-54073.856358411445
254,0.006,-54073.856358411445
255,0.001,-54073.856358411445
256,0.002,-54073.856358411445
257,0.002,-54073.856358411445
258,0.001,-54073.856358411445
259,0.009,-54073.856358411445
260,0.001,-54073.856358411445
261,0.003,-54073.856358411445
262,0.001,-54073.856358411445
263,0.003,-54073.856358411445
264,0.002,-54073.856358411445
265,0.002,-54073.856358411445
266,0.002,-54073.856358411445
267,0.001,-54073.856358411445
268,0.002,-54073.856358411445
269,0.003,-54073.856358411445
270,0.001,-54073.856358411445
271,0.002,-54073.856358411445
272,0.002,-54073.856358411445
273,0.002,-54073.856358411445
274,0.001,-54073.856358411445
275,0.003,-54073.856358411445
276,0.002,-54073.856358411445
277,0.003,-54073.856358411445
278,0.001,-54073.856358411445
279,0.002,-54073.856358411445
280,0.002,-54073.856358411445
281,0.001,-54073.856358411445
282,0.002,-54073.856358411445
283,0.002,-54073.856358411445
284,0.002,-54073.856358411445
285,0.003,-54073.856358411445
286,0.003,-54073.856358411445
287,0.006,-54073.856358411445
288,0.001,-54073.856358411445
289,0.003,-54073.856358411445
290,0.001,-54073.856358411445
291,0.001,-54073.856358411445
292,0.002,-54073.856358411445
293,0.001,-54073.856358411445
294,0.002,-54073.856358411445
295,0.002,-54073.856358411445
296,0.002,-54073.856358411445
297,0.002,-54073.856358411445
298,0.002,-54073.856358411445
299,0.002,-54073.856358411445
300,0.001,-54073.856358411445
301,0.001,-54073.856358411445
302,0.002,-54073.856358411445
303,0.002,-54073.856358411445
304,0.002,-54073.856358411445
305,0.004,-54073.856358411445
306,0.002,-54073.856358411445
307,0.002,-54073.856358411445
308,0.002,-54073.856358411445
309,0.002,-54073.856358411445
310,0.002,-54073.856358411445
311,0.002,-54073.856358411445
312,0.001,-54073.856358411445
313,0.003,-54073.856358411445
314,0.001,-54073.856358411445
315,0.002,-54073.856358411445
316,0.001,-54073.856358411445
317,0.003,-54073.856358411445
318,0.001,-54073.856358411445
319,0.001,-54073.856358411445
320,0.002,-54073.856358411445
321,0.001,-54073.856358411445
322,0.002,-54073.856358411445
323,0.001,-54073.856358411445
324,0.001,-54073.856358411445
325,0.001,-54073.856358411445
326,0.009,-54073.856358411445
327,0.002,-54073.856358411445
328,0.003,-54073.856358411445
329,0.001,-54073.856358411445
330,0.002,-54073.856358411445
331,0.002,-54073.856358411445
332,0.001,-54073.856358411445
333,0.005,-54073.856358411445
334,0.001,-54073.856358411445
335,0.002,-54073.856358411445
336,0.001,-54073.856358411445
337,0.003,-54073.856358411445
338,0.002,-54073.856358411445
339,0.001,-54073.856358411445
340,0.002,-54073.856358411445
341,0.001,-54073.856358411445
342,0.002,-54073.856358411445
343,0.001,-54073.856358411445
344,0.002,-54073.856358411445
345,0.003,-54073.856358411445
346,0.001,-54073.856358411445
347,0.002,-54073.856358411445
348,0.002,-54073.856358411445
349,0.001,-54073.856358411445
350,0.001,-54073.856358411445
351,0.002,-54073.856358411445
352,0.002,-54073.856358411445
353,0.001,-54073.856358411445
354,0.004,-54073.856358411445
355,0.001,-54073.856358411445
356,0.001,-54073.856358411445
357,0.002,-54073.856358411445
358,0.002,-54073.856358411445
359,0.001,-54073.856358411445
360,0.002,-54073.856358411445
361,0.001,-54073.856358411445
362,0.001,-54073.856358411445
363,0.001,-54073.856358411445
364,0.002,-54073.856358411445
365,0.001,-54073.856358411445
366,0.002,-54073.856358411445
367,0.002,-54073.856358411445
368,0.003,-54073.856358411445
369,0.002,-54073.856358411445
370,0.001,-54073.856358411445
371,0.002,-54073.856358411445
372,0.005,-54073.856358411445
373,0.001,-54073.856358411445
374,0.002,-54073.856358411445
375,0.003,-54073.856358411445
376,0.001,-54073.856358411445
377,0.002,-54073.856358411445
378,0.001,-54073.856358411445
379,0.001,-54073.856358411445
380,0.001,-54073.856358411445
381,0.001,-54073.856358411445
382,0.002,-54073.856358411445
383,0.002,-54073.856358411445
384,0.002,-54073.856358411445
385,0.002,-54073.856358411445
386,0.004,-54073.856358411445
387,0.001,-54073.856358411445
388,0.002,-54073.856358411445
389,0.001,-54073.856358411445
390,0.002,-54073.856358411445
391,0.002,-54073.856358411445
392,0.001,-54073.856358411445
393,0.002,-54073.856358411445
394,0.002,-54073.856358411445
395,0.001,-54073.856358411445
396,0.002,-54073.856358411445
397,0.001,-54073.856358411445
398,0.002,-54073.856358411445
399,0.001,-54073.856358411445
400,0.001,-54073.856358411445
401,0.004,-54073.856358411445
402,0.001,-54073.856358411445
403,0.002,-54073.856358411445
404,0.001,-54073.856358411445
405,0.002,-54073.856358411445
406,0.001,-54073.856358411445
407,0.001,-54073.856358411445
408,0.002,-54073.856358411445
409,0.003,-54073.856358411445
410,0.002,-54073.856358411445
411,0.001,-54073.856358411445
412,0.002,-54073.856358411445
413,0.001,-54073.856358411445
414,0.001,-54073.856358411445
415,0.002,-54073.856358411445
416,0.001,-54073.856358411445
417,0.002,-54073.856358411445
418,0.002,-54073.856358411445
419,0.001,-54073.856358411445
420,0.002,-54073.856358411445
421,0.001,-54073.856358411445
422,0.002,-54073.856358411445
423,0.001,-54073.856358411445
424,0.002,-54073.856358411445
425,0.001,-54073.856358411445
426,0.002,-54073.856358411445
427,0.001,-54073.856358411445
428,0.003,-54073.856358411445
429,0.001,-54073.856358411445
430,0.001,-54073.856358411445
431,0.002,-54073.856358411445
432,0.001,-54073.856358411445
433,0.002,-54073.856358411445
434,0.001,-54073.856358411445
435,0.002,-54073.856358411445
436,0.001,-54073.856358411445
437,0.002,-54073.856358411445
438,0.003,-54073.856358411445
439,0.002,-54073.856358411445
440,0.001,-54073.856358411445
441,0.002,-54073.856358411445
442,0.001,-54073.856358411445
443,0.002,-54073.856358411445
444,0.001,-54073.856358411445
445,0.002,-54073.856358411445
446,0.001,-54073.856358411445
447,0.001,-54073.856358411445
448,0.002,-54073.856358411445
449,0.001,-54073.856358411445
450,0.001,-54073.856358411445
451,0.001,-54073.856358411445
452,0.001,-54073.856358411445
453,0.002,-54073.856358411445
454,0.001,-54073.856358411445
455,0.003,-54073.856358411445
456,0.001,-54073.856358411445
457,0.001,-54073.856358411445
458,0.002,-54073.856358411445
459,0.001,-54073.856358411445
460,0.001,-54073.856358411445
461,0.003,-54073.856358411445
462,0.001,-54073.856358411445
463,0.001,-54073.856358411445
464,0.002,-54073.856358411445
465,0.001,-54073.856358411445
466,0.002,-54073.856358411445
467,0.001,-54073.856358411445
468,0.001,-54073.856358411445
469,0.002,-54073.856358411445
470,0.001,-54073.856358411445
471,0.001,-54073.856358411445
472,0.002,-54073.856358411445
473,0.001,-54073.856358411445
474,0.002,-54073.856358411445
475,0.001,-54073.856358411445
476,0.001,-54073.856358411445
477,0.002,-54073.856358411445
478,0.002,-54073.856358411445
479,0.001,-54073.856358411445
480,0.002,-54073.856358411445
481,0.001,-54073.856358411445
482,0.002,-54073.856358411445
483,0.002,-54073.856358411445
484,0.001,-54073.856358411445
485,0.002,-54073.856358411445
486,0.001,-54073.856358411445
487,0.003,-54073.856358411445
488,0.001,-54073.856358411445
489,0.002,-54073.856358411445
490,0.001,-54073.856358411445
491,0.003,-54073.856358411445
492,0.002,-54073.856358411445
493,0.001,-54073.856358411445
494,0.002,-54073.856358411445
495,0.002,-54073.856358411445
496,0.001,-54073.856358411445
497,0.002,-54073.856358411445
498,0.001,-54073.856358411445
499,0.002,-54073.856358411445
500,0.001,-54073.856358411445
501,0.001,-54073.856358411445
502,0.002,-54073.856358411445
503,0.001,-54073.856358411445
504,0.003,-54073.856358411445
505,0.002,-54073.856358411445
506,0.001,-54073.856358411445
507,0.002,-54073.856358411445
508,0.003,-54073.856358411445
509,0.003,-54073.856358411445
510,0.002,-54073.856358411445
511,0.002,-54073.856358411445
512,0.002,-54073.856358411445
513,0.002,-54073.856358411445
514,0.001,-54073.856358411445
515,0.003,-54073.856358411445
516,0.001,-54073.856358411445
517,0.002,-54073.856358411445
518,0.001,-54073.856358411445
519,0.002,-54073.856358411445
520,0.002,-54073.856358411445
521,0.002,-54073.856358411445
522,0.001,-54073.856358411445
523,0.002,-54073.856358411445
524,0.002,-54073.856358411445
525,0.002,-54073.856358411445
526,0.002,-54073.856358411445
527,0.001,-54073.856358411445
528,0.002,-54073.856358411445
529,0.002,-54073.856358411445
530,0.002,-54073.856358411445
531,0.002,-54073.856358411445
532,0.002,-54073.856358411445
533,0.002,-54073.856358411445
534,0.002,-54073.856358411445
535,0.002,-54073.856358411445
536,0.002,-54073.856358411445
537,0.002,-54073.856358411445
538,0.002,-54073.856358411445
539,0.001,-54073.856358411445
540,0.004,-54073.856358411445
541,0.004,-54073.856358411445
542,0.003,-54073.856358411445
543,0.002,-54073.856358411445
544,0.003,-54073.856358411445
545,0.001,-54073.856358411445
546,0.001,-54073.856358411445
547,0.002,-54073.856358411445
548,0.002,-54073.856358411445
549,0.001,-54073.856358411445
550,0.002,-54073.856358411445
551,0.002,-54073.856358411445
552,0.001,-54073.856358411445
553,0.003,-54073.856358411445
554,0.002,-54073.856358411445
555,0.002,-54073.856358411445
556,0.002,-54073.856358411445
557,0.002,-54073.856358411445
558,0.002,-54073.856358411445
559,0.002,-54073.856358411445
560,0.001,-54073.856358411445
561,0.002,-54073.856358411445
562,0.001,-54073.856358411445
563,0.002,-54073.856358411445
564,0.002,-54073.856358411445
565,0.001,-54073.856358411445
566,0.002,-54073.856358411445
567,0.002,-54073.856358411445
568,0.001,-54073.856358411445
569,0.001,-54073.856358411445
570,0.002,-54073.856358411445
571,0.002,-54073.856358411445
572,0.002,-54073.856358411445
573,0.001,-54073.856358411445
574,0.002,-54073.856358411445
575,0.002,-54073.856358411445
576,0.001,-54073.856358411445
577,0.002,-54073.856358411445
578,0.002,-54073.856358411445
579,0.001,-54073.856358411445
580,0.002,-54073.856358411445
581,0.001,-54073.856358411445
582,0.002,-54073.856358411445
583,0.002,-54073.856358411445
584,0.001,-54073.856358411445
585,0.002,-54073.856358411445
586,0.001,-54073.856358411445
587,0.001,-54073.856358411445
588,0.002,-54073.856358411445
589,0.002,-54073.856358411445
590,0.002,-54073.856358411445
591,0.002,-54073.856358411445
592,0.001,-54073.856358411445
593,0.002,-54073.856358411445
594,0.002,-54073.856358411445
595,0.001,-54073.856358411445
596,0.002,-54073.856358411445
597,0.001,-54073.856358411445
598,0.001,-54073.856358411445
599,0.002,-54073.856358411445
600,0.002,-54073.856358411445
601,0.001,-54073.856358411445
602,0.002,-54073.856358411445
603,0.001,-54073.856358411445
604,0.001,-54073.856358411445
605,0.001,-54073.856358411445
606,0.001,-54073.856358411445
607,0.002,-54073.856358411445
608,0.001,-54073.856358411445
609,0.002,-54073.856358411445
610,0.001,-54073.856358411445
611,0.002,-54073.856358411445
612,0.001,-54073.856358411445
613,0.001,-54073.856358411445
614,0.002,-54073.856358411445
615,0.001,-54073.856358411445
616,0.002,-54073.856358411445
617,0.001,-54073.856358411445
618,0.003,-54073.856358411445
619,0.001,-54073.856358411445
620,0.002,-54073.856358411445
621,0.002,-54073.856358411445
622,0.001,-54073.856358411445
623,0.002,-54073.856358411445
624,0.001,-54073.856358411445
625,0.002,-54073.856358411445
626,0.002,-54073.856358411445
627,0.001,-54073.856358411445
628,0.003,-54073.856358411445
629,0.001,-54073.856358411445
630,0.002,-54073.856358411445
631,0.002,-54073.856358411445
632,0.001,-54073.856358411445
633,0.002,-54073.856358411445
634,0.002,-54073.856358411445
635,0.001,-54073.856358411445
636,0.002,-54073.856358411445
637,0.001,-54073.856358411445
638,0.001,-54073.856358411445
639,0.002,-54073.856358411445
640,0.001,-54073.856358411445
641,0.002,-54073.856358411445
642,0.002,-54073.856358411445
643,0.001,-54073.856358411445
644,0.002,-54073.856358411445
645,0.002,-54073.856358411445
646,0.001,-54073.856358411445
647,0.002,-54073.856358411445
648,0.001,-54073.856358411445
649,0.002,-54073.856358411445
650,0.002,-54073.856358411445
651,0.001,-54073.856358411445
652,0.002,-54073.856358411445
653,0.001,-54073.856358411445
654,0.002,-54073.856358411445
655,0.001,-54073.856358411445
656,0.001,-54073.856358411445
657,0.002,-54073.856358411445
658,0.001,-54073.856358411445
659,0.001,-54073.856358411445
660,0.002,-54073.856358411445
661,0.002,-54073.856358411445
662,0.001,-54073.856358411445
663,0.002,-54073.856358411445
664,0.002,-54073.856358411445
665,0.001,-54073.856358411445
666,0.002,-54073.856358411445
667,0.001,-54073.856358411445
668,0.004,-54073.856358411445
669,0.001,-54073.856358411445
670,0.002,-54073.856358411445
671,0.002,-54073.856358411445
672,0.002,-54073.856358411445
673,0.001,-54073.856358411445
674,0.002,-54073.856358411445
675,0.002,-54073.856358411445
676,0.001,-54073.856358411445
677,0.002,-54073.856358411445
678,0.002,-54073.856358411445
679,0.002,-54073.856358411445
680,0.001,-54073.856358411445
681,0.002,-54073.856358411445
682,0.002,-54073.856358411445
683,0.001,-54073.856358411445
684,0.002,-54073.856358411445
685,0.002,-54073.856358411445
686,0.001,-54073.856358411445
687,0.002,-54073.856358411445
688,0.002,-54073.856358411445
689,0.001,-54073.856358411445
690,0.002,-54073.856358411445
691,0.001,-54073.856358411445
692,0.002,-54073.856358411445
693,0.002,-54073.856358411445
694,0.001,-54073.856358411445
695,0.002,-54073.856358411445
696,0.002,-54073.856358411445
697,0.001,-54073.856358411445
698,0.002,-54073.856358411445
699,0.002,-54073.856358411445
700,0.002,-54073.856358411445
701,0.001,-54073.856358411445
702,0.002,-54073.856358411445
703,0.002,-54073.856358411445
704,0.002,-54073.856358411445
705,0.001,-54073.856358411445
706,0.002,-54073.856358411445
707,0.003,-54073.856358411445
708,0.001,-54073.856358411445
709,0.002,-54073.856358411445
710,0.002,-54073.856358411445
711,0.001,-54073.856358411445
712,0.001,-54073.856358411445
713,0.002,-54073.856358411445
714,0.001,-54073.856358411445
715,0.001,-54073.856358411445
716,0.003,-54073.856358411445
717,0.001,-54073.856358411445
718,0.002,-54073.856358411445
719,0.002,-54073.856358411445
720,0.001,-54073.856358411445
721,0.002,-54073.856358411445
722,0.002,-54073.856358411445
723,0.001,-54073.856358411445
724,0.002,-54073.856358411445
725,0.001,-54073.856358411445
726,0.002,-54073.856358411445
727,0.002,-54073.856358411445
728,0.001,-54073.856358411445
729,0.002,-54073.856358411445
730,0.002,-54073.856358411445
731,0.002,-54073.856358411445
732,0.001,-54073.856358411445
733,0.002,-54073.856358411445
734,0.001,-54073.856358411445
735,0.002,-54073.856358411445
736,0.002,-54073.856358411445
737,0.002,-54073.856358411445
738,0.002,-54073.856358411445
739,0.002,-54073.856358411445
740,0.002,-54073.856358411445
741,0.002,-54073.856358411445
742,0.002,-54073.856358411445
743,0.002,-54073.856358411445
744,0.003,-54073.856358411445
745,0.001,-54073.856358411445
746,0.003,-54073.856358411445
747,0.002,-54073.856358411445
748,0.002,-54073.856358411445
749,0.002,-54073.856358411445
750,0.002,-54073.856358411445
751,0.002,-54073.856358411445
752,0.002,-54073.856358411445
753,0.002,-54073.856358411445
754,0.002,-54073.856358411445
755,0.002,-54073.856358411445
756,0.002,-54073.856358411445
757,0.002,-54073.856358411445
758,0.002,-54073.856358411445
759,0.002,-54073.856358411445
760,0.002,-54073.856358411445
761,0.002,-54073.856358411445
762,0.002,-54073.856358411445
763,0.002,-54073.856358411445
764,0.002,-54073.856358411445
765,0.004,-54073.856358411445
766,0.003,-54073.856358411445
767,0.002,-54073.856358411445
768,0.002,-54073.856358411445
769,0.003,-54073.856358411445
770,0.002,-54073.856358411445
771,0.003,-54073.856358411445
772,0.002,-54073.856358411445
773,0.002,-54073.856358411445
774,0.003,-54073.856358411445
775,0.002,-54073.856358411445
776,0.002,-54073.856358411445
777,0.002,-54073.856358411445
778,0.001,-54073.856358411445
779,0.005,-54073.856358411445
780,0.003,-54073.856358411445
781,0.003,-54073.856358411445
782,0.002,-54073.856358411445
783,0.005,-54073.856358411445
784,0.002,-54073.856358411445
785,0.002,-54073.856358411445
786,0.002,-54073.856358411445
787,0.003,-54073.856358411445
788,0.003,-54073.856358411445
789,0.002,-54073.856358411445
790,0.002,-54073.856358411445
791,0.002,-54073.856358411445
792,0.002,-54073.856358411445
793,0.002,-54073.856358411445
794,0.002,-54073.856358411445
795,0.002,-54073.856358411445
796,0.001,-54073.856358411445
797,0.002,-54073.856358411445
798,0.002,-54073.856358411445
799,0.003,-54073.856358411445
800,0.002,-54073.856358411445
801,0.002,-54073.856358411445
802,0.003,-54073.856358411445
803,0.002,-54073.856358411445
804,0.003,-54073.856358411445
805,0.002,-54073.856358411445
806,0.002,-54073.856358411445
807,0.002,-54073.856358411445
808,0.002,-54073.856358411445
809,0.002,-54073.856358411445
810,0.002,-54073.856358411445
811,0.001,-54073.856358411445
812,0.002,-54073.856358411445
813,0.002,-54073.856358411445
814,0.001,-54073.856358411445
815,0.003,-54073.856358411445
816,0.001,-54073.856358411445
817,0.002,-54073.856358411445
818,0.001,-54073.856358411445
819,0.001,-54073.856358411445
820,0.002,-54073.856358411445
821,0.002,-54073.856358411445
822,0.001,-54073.856358411445
823,0.002,-54073.856358411445
824,0.001,-54073.856358411445
825,0.001,-54073.856358411445
826,0.002,-54073.856358411445
827,0.001,-54073.856358411445
828,0.002,-54073.856358411445
829,0.002,-54073.856358411445
830,0.003,-54073.856358411445
831,0.003,-54073.856358411445
832,0.003,-54073.856358411445
833,0.002,-54073.856358411445
834,0.002,-54073.856358411445
835,0.002,-54073.856358411445
836,0.002,-54073.856358411445
837,0.003,-54073.856358411445
838,0.002,-54073.856358411445
839,0.002,-54073.856358411445
840,0.002,-54073.856358411445
841,0.001,-54073.856358411445
842,0.002,-54073.856358411445
843,0.002,-54073.856358411445
844,0.002,-54073.856358411445
845,0.002,-54073.856358411445
846,0.001,-54073.856358411445
847,0.002,-54073.856358411445
848,0.002,-54073.856358411445
849,0.001,-54073.856358411445
850,0.001,-54073.856358411445
851,0.002,-54073.856358411445
852,0.002,-54073.856358411445
853,0.001,-54073.856358411445
854,0.002,-54073.856358411445
855,0.002,-54073.856358411445
856,0.002,-54073.856358411445
857,0.001,-54073.856358411445
858,0.002,-54073.856358411445
859,0.002,-54073.856358411445
860,0.001,-54073.856358411445
861,0.002,-54073.856358411445
862,0.002,-54073.856358411445
863,0.002,-54073.856358411445
864,0.002,-54073.856358411445
865,0.002,-54073.856358411445
866,0.001,-54073.856358411445
867,0.002,-54073.856358411445
868,0.001,-54073.856358411445
869,0.001,-54073.856358411445
870,0.002,-54073.856358411445
871,0.001,-54073.856358411445
872,0.002,-54073.856358411445
873,0.002,-54073.856358411445
874,0.001,-54073.856358411445
875,0.002,-54073.856358411445
876,0.001,-54073.856358411445
877,0.001,-54073.856358411445
878,0.001,-54073.856358411445
879,0.001,-54073.856358411445
880,0.002,-54073.856358411445
881,0.001,-54073.856358411445
882,0.002,-54073.856358411445
883,0.001,-54073.856358411445
884,0.001,-54073.856358411445
885,0.002,-54073.856358411445
886,0.001,-54073.856358411445
887,0.002,-54073.856358411445
888,0.001,-54073.856358411445
889,0.002,-54073.856358411445
890,0.001,-54073.856358411445
891,0.002,-54073.856358411445
892,0.002,-54073.856358411445
893,0.002,-54073.856358411445
894,0.002,-54073.856358411445
895,0.001,-54073.856358411445
896,0.002,-54073.856358411445
897,0.004,-54073.856358411445
898,0.002,-54073.856358411445
899,0.002,-54073.856358411445
900,0.001,-54073.856358411445
901,0.002,-54073.856358411445
902,0.001,-54073.856358411445
903,0.002,-54073.856358411445
904,0.001,-54073.856358411445
905,0.002,-54073.856358411445
906,0.001,-54073.856358411445
907,0.002,-54073.856358411445
908,0.001,-54073.856358411445
909,0.002,-54073.856358411445
910,0.001,-54073.856358411445
911,0.002,-54073.856358411445
912,0.001,-54073.856358411445
913,0.002,-54073.856358411445
914,0.001,-54073.856358411445
915,0.002,-54073.856358411445
916,0.001,-54073.856358411445
917,0.002,-54073.856358411445
918,0.001,-54073.856358411445
919,0.002,-54073.856358411445
920,0.002,-54073.856358411445
921,0.002,-54073.856358411445
922,0.001,-54073.856358411445
923,0.002,-54073.856358411445
924,0.002,-54073.856358411445
925,0.001,-54073.856358411445
926,0.002,-54073.856358411445
927,0.002,-54073.856358411445
928,0.001,-54073.856358411445
929,0.002,-54073.856358411445
930,0.001,-54073.856358411445
931,0.002,-54073.856358411445
932,0.001,-54073.856358411445
933,0.002,-54073.856358411445
934,0.003,-54073.856358411445
935,0.001,-54073.856358411445
936,0.002,-54073.856358411445
937,0.001,-54073.856358411445
938,0.002,-54073.856358411445
939,0.001,-54073.856358411445
940,0.001,-54073.856358411445
941,0.002,-54073.856358411445
942,0.001,-54073.856358411445
943,0.002,-54073.856358411445
944,0.001,-54073.856358411445
945,0.002,-54073.856358411445
946,0.002,-54073.856358411445
947,0.003,-54073.856358411445
948,0.001,-54073.856358411445
949,0.002,-54073.856358411445
950,0.002,-54073.856358411445
951,0.001,-54073.856358411445
952,0.002,-54073.856358411445
953,0.001,-54073.856358411445
954,0.002,-54073.856358411445
955,0.001,-54073.856358411445
956,0.001,-54073.856358411445
957,0.002,-54073.856358411445
958,0.001,-54073.856358411445
959,0.002,-54073.856358411445
960,0.001,-54073.856358411445
961,0.001,-54073.856358411445
962,0.001,-54073.856358411445
963,0.001,-54073.856358411445
964,0.002,-54073.856358411445
965,0.001,-54073.856358411445
966,0.002,-54073.856358411445
967,0.001,-54073.856358411445
968,0.002,-54073.856358411445
969,0.001,-54073.856358411445
970,0.002,-54073.856358411445
971,0.001,-54073.856358411445
972,0.002,-54073.856358411445
973,0.001,-54073.856358411445
974,0.002,-54073.856358411445
975,0.001,-54073.856358411445
976,0.002,-54073.856358411445
977,0.001,-54073.856358411445
978,0.002,-54073.856358411445
979,0.001,-54073.856358411445
980,0.002,-54073.856358411445
981,0.001,-54073.856358411445
982,0.002,-54073.856358411445
983,0.001,-54073.856358411445
984,0.002,-54073.856358411445
985,0.001,-54073.856358411445
986,0.002,-54073.856358411445
987,0.001,-54073.856358411445
988,0.002,-54073.856358411445
989,0.001,-54073.856358411445
990,0.002,-54073.856358411445
991,0.001,-54073.856358411445
992,0.002,-54073.856358411445
993,0.001,-54073.856358411445
994,0.002,-54073.856358411445
995,0.001,-54073.856358411445
996,0.002,-54073.856358411445
997,0.001,-54073.856358411445
998,0.002,-54073.856358411445
999,0.001,-54073.856358411445
