algorithm,network,bbdd,threads,interleaving,seed,SHD,LL Score,BDeu Score,dfMM,dfMM plus,dfMM minus,Total iterations,Total time(s)
GES_BNBuilder,andes,andes.xbif50001246_,1,-1,-1,188,-0.41855352998977163,-475749.5348989852,410.0,54.0,356.0,1,1509.46
PGESwithStages,andes,andes.xbif50001246_,2,5,11,168,-0.5386102919796542,-474899.621926764,362.0,20.0,342.0,40,692.257
PGESwithStages,andes,andes.xbif50001246_,2,5,13,175,-0.5473579549079179,-475160.7916306156,394.0,50.0,344.0,39,693.709
PGESwithStages,andes,andes.xbif50001246_,2,5,17,169,-0.5473949890483862,-474990.7916508573,366.0,18.0,348.0,39,669.192
PGESwithStages,andes,andes.xbif50001246_,2,5,19,161,-0.537650973266087,-474732.5280173867,348.0,10.0,338.0,38,614.257
PGESwithStages,andes,andes.xbif50001246_,2,5,2,173,-0.547386186206841,-475020.57192650484,376.0,30.0,346.0,38,630.266
PGESwithStages,andes,andes.xbif50001246_,2,5,23,164,-0.5473875959191925,-475127.0381055361,356.0,20.0,336.0,40,798.425
PGESwithStages,andes,andes.xbif50001246_,2,5,29,165,-0.5436251852615778,-474872.6050730648,358.0,12.0,346.0,39,679.565
PGESwithStages,andes,andes.xbif50001246_,2,5,3,173,-0.5473750447874798,-475429.05978497426,380.0,38.0,342.0,39,665.628
PGESwithStages,andes,andes.xbif50001246_,2,5,5,181,-0.5473699848083352,-475468.8090270042,396.0,50.0,346.0,38,664.0
PGESwithStages,andes,andes.xbif50001246_,2,5,7,174,-0.5467356140836522,-475296.3890980439,378.0,32.0,346.0,39,684.772
PGESwithStages,andes,andes.xbif50001246_,4,5,11,188,-0.5448221148201746,-475575.88196349534,412.0,62.0,350.0,24,339.124
PGESwithStages,andes,andes.xbif50001246_,4,5,13,162,-0.548886803800682,-474976.9917474627,352.0,18.0,334.0,23,367.378
PGESwithStages,andes,andes.xbif50001246_,4,5,17,194,-0.5474064895958062,-475876.43975876266,442.0,90.0,352.0,24,373.317
PGESwithStages,andes,andes.xbif50001246_,4,5,19,200,-0.5416638910739291,-475515.89397922886,436.0,74.0,362.0,25,352.123
PGESwithStages,andes,andes.xbif50001246_,4,5,2,187,-0.5409618919449735,-475768.9272239952,408.0,62.0,346.0,26,383.46
PGESwithStages,andes,andes.xbif50001246_,4,5,23,197,-0.5386315664431597,-475615.8860103473,426.0,34.0,392.0,23,330.128
PGESwithStages,andes,andes.xbif50001246_,4,5,29,166,-0.5473717445085692,-475025.98760594806,362.0,24.0,338.0,23,360.398
PGESwithStages,andes,andes.xbif50001246_,4,5,3,172,-0.5402032720267036,-474980.2752504847,370.0,28.0,342.0,27,385.191
PGESwithStages,andes,andes.xbif50001246_,4,5,7,165,-0.5424166650577437,-475180.0765785663,358.0,22.0,336.0,26,395.401
PGESwithStages,andes,andes.xbif50001246_,6,5,11,169,-0.5490038105755307,-475291.64688005566,374.0,32.0,342.0,18,268.235
PGESwithStages,andes,andes.xbif50001246_,6,5,13,170,-0.5421202939159395,-474943.7097115746,366.0,18.0,348.0,18,256.732
PGESwithStages,andes,andes.xbif50001246_,6,5,17,180,-0.5461234128794272,-475297.45902961225,390.0,36.0,354.0,19,317.042
PGESwithStages,andes,andes.xbif50001246_,6,5,19,209,-0.5431210727400314,-476874.41785043833,468.0,84.0,384.0,22,367.09
PGESwithStages,andes,andes.xbif50001246_,6,5,2,187,-0.5473759794682038,-475189.37156306737,406.0,44.0,362.0,17,283.22
PGESwithStages,andes,andes.xbif50001246_,6,5,23,192,-0.548882852614446,-476314.8474195822,430.0,80.0,350.0,20,295.899
PGESwithStages,andes,andes.xbif50001246_,6,5,29,192,-0.5440493901168896,-475696.51624520734,444.0,96.0,348.0,18,327.646
PGESwithStages,andes,andes.xbif50001246_,6,5,3,174,-0.542008990126902,-475809.57114036666,384.0,46.0,338.0,19,277.926
PGESwithStages,andes,andes.xbif50001246_,6,5,7,178,-0.547421581086174,-475230.14039482706,402.0,60.0,342.0,17,290.894
PGESwithStages,andes,andes.xbif50001246_,8,5,11,171,-0.5447258908506027,-475200.40050814603,376.0,32.0,344.0,14,227.154
PGESwithStages,andes,andes.xbif50001246_,8,5,13,183,-0.5456949799812941,-475765.6603415134,410.0,64.0,346.0,16,285.023
PGESwithStages,andes,andes.xbif50001246_,8,5,17,187,-0.5420350591448541,-475759.58970212983,410.0,60.0,350.0,14,243.836
PGESwithStages,andes,andes.xbif50001246_,8,5,19,177,-0.5399650166560324,-475506.83129907557,398.0,60.0,338.0,16,270.676
PGESwithStages,andes,andes.xbif50001246_,8,5,2,186,-0.5458031148729365,-475427.65098341095,422.0,70.0,352.0,15,251.95
PGESwithStages,andes,andes.xbif50001246_,8,5,23,181,-0.5422437054886006,-475461.10463883437,394.0,44.0,350.0,17,283.314
PGESwithStages,andes,andes.xbif50001246_,8,5,29,170,-0.5430494827470891,-474942.34400844923,370.0,28.0,342.0,15,262.2
PGESwithStages,andes,andes.xbif50001246_,8,5,3,198,-0.5415100036755812,-476087.8845825204,438.0,90.0,348.0,16,279.758
PGESwithStages,andes,andes.xbif50001246_,8,5,5,188,-0.5429165817166182,-475492.8308974358,428.0,72.0,356.0,16,274.757
PGESwithStages,andes,andes.xbif50001246_,8,5,7,191,-0.5484046465641668,-476052.7217521597,420.0,66.0,354.0,14,268.819
GES_BNBuilder,andes,andes.xbif50001_,1,-1,-1,181,-0.4195207950186234,-477105.69800528913,398.0,40.0,358.0,1,1494.094
PGESwithStages,andes,andes.xbif50001_,2,5,11,156,-0.5404341624943305,-475237.44148123875,336.0,14.0,322.0,40,688.158
PGESwithStages,andes,andes.xbif50001_,2,5,13,169,-0.5471924441218187,-475767.9731056793,372.0,40.0,332.0,37,649.01
PGESwithStages,andes,andes.xbif50001_,2,5,17,161,-0.5471820649777447,-475547.90614581463,362.0,42.0,320.0,41,698.362
PGESwithStages,andes,andes.xbif50001_,2,5,19,154,-0.5406194619111514,-475077.7188319699,332.0,10.0,322.0,41,710.882
PGESwithStages,andes,andes.xbif50001_,2,5,2,173,-0.5473677915615499,-475938.88571306865,376.0,18.0,358.0,37,663.875
PGESwithStages,andes,andes.xbif50001_,2,5,23,246,-0.5475987736138908,-478291.9402991508,522.0,12.0,510.0,36,596.594
PGESwithStages,andes,andes.xbif50001_,2,5,29,168,-0.5477656758686833,-475121.9035434608,364.0,22.0,342.0,37,657.286
PGESwithStages,andes,andes.xbif50001_,2,5,3,162,-0.5473900786202698,-475126.0247900885,352.0,16.0,336.0,38,671.832
PGESwithStages,andes,andes.xbif50001_,2,5,5,152,-0.5473769935783701,-475126.0892617345,328.0,8.0,320.0,38,655.245
PGESwithStages,andes,andes.xbif50001_,2,5,7,155,-0.5473652579890774,-475164.32431984536,334.0,16.0,318.0,40,688.788
PGESwithStages,andes,andes.xbif50001_,4,5,11,168,-0.5446589061306505,-475870.9784728167,370.0,46.0,324.0,23,308.516
PGESwithStages,andes,andes.xbif50001_,4,5,13,164,-0.5490022845730022,-475523.4321889451,364.0,34.0,330.0,22,315.49
PGESwithStages,andes,andes.xbif50001_,4,5,17,171,-0.5468705762720194,-475930.0669199312,376.0,54.0,322.0,23,382.926
PGESwithStages,andes,andes.xbif50001_,4,5,19,174,-0.5407398281960905,-475798.050465102,392.0,58.0,334.0,22,323.608
PGESwithStages,andes,andes.xbif50001_,4,5,2,175,-0.5473439839523412,-475707.29880595737,394.0,58.0,336.0,22,327.717
PGESwithStages,andes,andes.xbif50001_,4,5,23,170,-0.544543073252697,-476089.23735566594,384.0,62.0,322.0,25,347.152
PGESwithStages,andes,andes.xbif50001_,4,5,29,164,-0.5473807752457915,-475374.11563363863,356.0,10.0,346.0,22,324.884
PGESwithStages,andes,andes.xbif50001_,4,5,3,174,-0.5489673361665782,-475629.81005881494,378.0,36.0,342.0,27,387.485
PGESwithStages,andes,andes.xbif50001_,4,5,5,149,-0.546217214974586,-475249.8548546674,322.0,8.0,314.0,22,297.816
PGESwithStages,andes,andes.xbif50001_,4,5,7,146,-0.5416009999935103,-475082.99981603515,316.0,2.0,314.0,22,315.022
PGESwithStages,andes,andes.xbif50001_,6,5,11,178,-0.5483680059594555,-475928.2254020835,396.0,42.0,354.0,20,310.441
PGESwithStages,andes,andes.xbif50001_,6,5,13,174,-0.5436769421410063,-475854.12182887166,390.0,64.0,326.0,19,299.184
PGESwithStages,andes,andes.xbif50001_,6,5,17,187,-0.548270443867957,-476190.39353920793,410.0,52.0,358.0,17,260.866
PGESwithStages,andes,andes.xbif50001_,6,5,19,177,-0.5429936947945196,-475822.9086399051,392.0,58.0,334.0,23,366.22
PGESwithStages,andes,andes.xbif50001_,6,5,2,166,-0.5473744214902921,-475699.6839066806,366.0,34.0,332.0,17,255.547
PGESwithStages,andes,andes.xbif50001_,6,5,23,171,-0.5489908586925794,-475776.2299853577,372.0,40.0,332.0,19,288.148
PGESwithStages,andes,andes.xbif50001_,6,5,29,157,-0.5392049252809195,-475588.0311745628,338.0,16.0,322.0,18,258.122
PGESwithStages,andes,andes.xbif50001_,6,5,3,171,-0.5410620293957602,-475649.5342129992,378.0,40.0,338.0,16,242.563
PGESwithStages,andes,andes.xbif50001_,6,5,5,181,-0.5456696722495314,-476274.52428373287,398.0,60.0,338.0,21,327.393
PGESwithStages,andes,andes.xbif50001_,6,5,7,194,-0.5488966475552552,-477184.31247925095,430.0,76.0,354.0,19,302.619
PGESwithStages,andes,andes.xbif50001_,8,5,11,189,-0.5446172516419776,-476531.51381206396,418.0,72.0,346.0,15,256.209
PGESwithStages,andes,andes.xbif50001_,8,5,13,177,-0.5428249580929446,-476123.74805037264,394.0,60.0,334.0,17,315.92
PGESwithStages,andes,andes.xbif50001_,8,5,17,160,-0.5426269445455656,-475356.58316162194,348.0,18.0,330.0,21,389.214
PGESwithStages,andes,andes.xbif50001_,8,5,19,174,-0.542038354375614,-475862.8067717443,392.0,68.0,324.0,15,248.856
PGESwithStages,andes,andes.xbif50001_,8,5,2,174,-0.5473917767935169,-475918.88221119676,392.0,58.0,334.0,14,234.791
PGESwithStages,andes,andes.xbif50001_,8,5,23,195,-0.5410186416362679,-476361.5766866139,438.0,86.0,352.0,18,326.738
PGESwithStages,andes,andes.xbif50001_,8,5,29,163,-0.5461928781556477,-475342.9284741699,354.0,20.0,334.0,21,380.966
PGESwithStages,andes,andes.xbif50001_,8,5,3,196,-0.5421711575858935,-476477.0594571309,434.0,86.0,348.0,15,259.09
PGESwithStages,andes,andes.xbif50001_,8,5,5,167,-0.5460724154358918,-475501.64482226723,370.0,44.0,326.0,15,258.528
PGESwithStages,andes,andes.xbif50001_,8,5,7,185,-0.5467144195267772,-476477.88883372577,406.0,68.0,338.0,14,257.171
GES_BNBuilder,andes,andes.xbif50002_,1,-1,-1,168,-0.4187547852841607,-475935.37024020206,362.0,10.0,352.0,1,1463.066
PGESwithStages,andes,andes.xbif50002_,2,5,11,167,-0.5385785989798139,-475628.28874083335,360.0,18.0,342.0,41,724.451
PGESwithStages,andes,andes.xbif50002_,2,5,13,166,-0.5473855635145567,-475746.67160555354,362.0,24.0,338.0,37,629.405
PGESwithStages,andes,andes.xbif50002_,2,5,17,178,-0.5473911995244413,-475707.3094914554,386.0,36.0,350.0,37,625.898
PGESwithStages,andes,andes.xbif50002_,2,5,19,160,-0.5376615569805689,-475428.7753592284,348.0,10.0,338.0,37,624.302
PGESwithStages,andes,andes.xbif50002_,2,5,2,165,-0.5406137757737604,-475669.0691530418,356.0,4.0,352.0,37,644.944
PGESwithStages,andes,andes.xbif50002_,2,5,23,157,-0.5473924922564792,-475300.183627417,346.0,14.0,332.0,37,624.718
PGESwithStages,andes,andes.xbif50002_,2,5,29,198,-0.5473984541516811,-475939.7309311127,428.0,24.0,404.0,37,650.737
PGESwithStages,andes,andes.xbif50002_,2,5,3,162,-0.5473851979114447,-475170.8447236977,350.0,14.0,336.0,39,685.114
PGESwithStages,andes,andes.xbif50002_,2,5,5,152,-0.5473830088268249,-475013.1095587988,330.0,0.0,330.0,38,655.301
PGESwithStages,andes,andes.xbif50002_,2,5,7,166,-0.5473895281834344,-475625.219035348,360.0,20.0,340.0,38,676.849
PGESwithStages,andes,andes.xbif50002_,4,5,11,187,-0.54477420721985,-475706.411106629,408.0,28.0,380.0,24,353.736
PGESwithStages,andes,andes.xbif50002_,4,5,13,161,-0.5488971083980215,-475441.1975662007,350.0,12.0,338.0,22,345.623
PGESwithStages,andes,andes.xbif50002_,4,5,17,171,-0.5469075402116693,-475382.4112936551,370.0,28.0,342.0,23,311.274
PGESwithStages,andes,andes.xbif50002_,4,5,2,181,-0.5473906378001986,-476076.84527288115,402.0,56.0,346.0,24,390.397
PGESwithStages,andes,andes.xbif50002_,4,5,23,168,-0.5490175916027928,-475186.0676908424,364.0,24.0,340.0,22,317.881
PGESwithStages,andes,andes.xbif50002_,4,5,29,161,-0.5473894622421279,-475432.9106975464,348.0,14.0,334.0,22,348.092
PGESwithStages,andes,andes.xbif50002_,4,5,3,161,-0.5473932019925943,-475168.13039735454,348.0,10.0,338.0,23,328.502
PGESwithStages,andes,andes.xbif50002_,4,5,5,194,-0.5425898641245965,-476306.1348326067,428.0,66.0,362.0,27,450.909
PGESwithStages,andes,andes.xbif50002_,4,5,7,155,-0.5447012792972789,-475129.02558994544,338.0,6.0,332.0,23,298.581
PGESwithStages,andes,andes.xbif50002_,6,5,11,191,-0.5489913893189479,-476467.4284779797,430.0,82.0,348.0,18,273.781
PGESwithStages,andes,andes.xbif50002_,6,5,13,178,-0.5442133185978151,-475568.109695184,386.0,28.0,358.0,17,257.217
PGESwithStages,andes,andes.xbif50002_,6,5,17,161,-0.5448262168637749,-475296.0186540272,356.0,24.0,332.0,16,242.83
PGESwithStages,andes,andes.xbif50002_,6,5,19,175,-0.5373693765474451,-475847.8149428716,382.0,42.0,340.0,19,295.423
PGESwithStages,andes,andes.xbif50002_,6,5,2,184,-0.5473445059117144,-476433.9455852529,426.0,92.0,334.0,20,321.145
PGESwithStages,andes,andes.xbif50002_,6,5,23,174,-0.5489943347738847,-475850.99154214683,378.0,44.0,334.0,20,300.037
PGESwithStages,andes,andes.xbif50002_,6,5,29,184,-0.5436002751744908,-476098.0533505542,418.0,76.0,342.0,17,263.225
PGESwithStages,andes,andes.xbif50002_,6,5,3,174,-0.5442019299880723,-475457.90765730984,384.0,28.0,356.0,16,244.855
PGESwithStages,andes,andes.xbif50002_,6,5,5,177,-0.5481460782631874,-475621.3364189899,386.0,46.0,340.0,18,277.793
PGESwithStages,andes,andes.xbif50002_,6,5,7,168,-0.5486558812795587,-475541.6318008758,372.0,36.0,336.0,18,273.346
PGESwithStages,andes,andes.xbif50002_,8,5,11,155,-0.5447256028763936,-475490.57309308724,336.0,10.0,326.0,15,250.595
PGESwithStages,andes,andes.xbif50002_,8,5,13,183,-0.5449157210779805,-476322.9594803799,412.0,60.0,352.0,15,263.412
PGESwithStages,andes,andes.xbif50002_,8,5,17,171,-0.5442631774231685,-475866.33121081773,388.0,52.0,336.0,14,235.52
PGESwithStages,andes,andes.xbif50002_,8,5,19,187,-0.5441316904914171,-476468.80910308956,422.0,64.0,358.0,13,219.224
PGESwithStages,andes,andes.xbif50002_,8,5,2,164,-0.5458936529674709,-475320.5210193432,364.0,28.0,336.0,14,241.162
PGESwithStages,andes,andes.xbif50002_,8,5,23,175,-0.5415088982224879,-475948.99993618444,386.0,44.0,342.0,16,282.917
PGESwithStages,andes,andes.xbif50002_,8,5,29,173,-0.5368667734750167,-476033.23708357697,394.0,52.0,342.0,15,271.173
PGESwithStages,andes,andes.xbif50002_,8,5,3,206,-0.5443657620899633,-476456.7936523442,458.0,90.0,368.0,13,229.864
PGESwithStages,andes,andes.xbif50002_,8,5,5,165,-0.5462392684150326,-475342.57410360227,364.0,24.0,340.0,14,233.184
PGESwithStages,andes,andes.xbif50002_,8,5,7,171,-0.5483855684306419,-475884.1682387541,394.0,62.0,332.0,14,250.496
GES_BNBuilder,andes,andes.xbif50003_,1,-1,-1,179,-0.4192241287755444,-475862.45471985,390.0,40.0,350.0,1,1467.426
PGESwithStages,andes,andes.xbif50003_,2,5,11,166,-0.5386007654516578,-474320.4944343156,360.0,22.0,338.0,39,695.725
PGESwithStages,andes,andes.xbif50003_,2,5,13,163,-0.5473865699183534,-474142.3219519879,352.0,14.0,338.0,40,682.934
PGESwithStages,andes,andes.xbif50003_,2,5,17,175,-0.5473781573867393,-474524.33509695996,380.0,28.0,352.0,40,705.503
PGESwithStages,andes,andes.xbif50003_,2,5,19,163,-0.5375886953976536,-474032.4449129577,352.0,12.0,340.0,41,686.648
PGESwithStages,andes,andes.xbif50003_,2,5,2,169,-0.5473957904900365,-474661.16884740477,364.0,18.0,346.0,39,693.772
PGESwithStages,andes,andes.xbif50003_,2,5,23,163,-0.5473898670519434,-474148.2461282142,352.0,14.0,338.0,42,745.759
PGESwithStages,andes,andes.xbif50003_,2,5,29,166,-0.5473964550270224,-474275.9447425814,362.0,22.0,340.0,37,650.076
PGESwithStages,andes,andes.xbif50003_,2,5,3,174,-0.5473994697369499,-474226.4315979586,378.0,30.0,348.0,39,658.895
PGESwithStages,andes,andes.xbif50003_,2,5,5,157,-0.547397579072164,-474081.90634279454,340.0,6.0,334.0,40,678.646
PGESwithStages,andes,andes.xbif50003_,2,5,7,171,-0.5473800215884023,-474310.8608298509,370.0,28.0,342.0,41,708.173
PGESwithStages,andes,andes.xbif50003_,4,5,11,163,-0.5448436212563427,-474022.3446241728,352.0,12.0,340.0,21,266.527
PGESwithStages,andes,andes.xbif50003_,4,5,13,166,-0.5488833761333815,-474193.5154255184,360.0,20.0,340.0,22,322.063
PGESwithStages,andes,andes.xbif50003_,4,5,17,167,-0.5473009694578578,-474274.623573528,360.0,20.0,340.0,22,310.104
PGESwithStages,andes,andes.xbif50003_,4,5,19,167,-0.5376319902507852,-474193.1366519296,360.0,18.0,342.0,23,325.589
PGESwithStages,andes,andes.xbif50003_,4,5,2,168,-0.5473859653529439,-474210.2618537558,362.0,20.0,342.0,22,282.75
PGESwithStages,andes,andes.xbif50003_,4,5,23,159,-0.5416907890551026,-474123.0231701039,344.0,6.0,338.0,22,323.915
PGESwithStages,andes,andes.xbif50003_,4,5,29,169,-0.5488284221800513,-474052.8340282022,364.0,16.0,348.0,21,314.381
PGESwithStages,andes,andes.xbif50003_,4,5,3,178,-0.5489649065566614,-474437.0404780103,388.0,44.0,344.0,24,349.785
PGESwithStages,andes,andes.xbif50003_,4,5,5,167,-0.542951857088212,-474135.90653542447,360.0,16.0,344.0,24,357.888
PGESwithStages,andes,andes.xbif50003_,4,5,7,172,-0.5412199080348185,-474541.8096172409,374.0,32.0,342.0,22,349.551
PGESwithStages,andes,andes.xbif50003_,6,5,11,166,-0.5490068261214213,-474216.9222490904,358.0,16.0,342.0,17,233.333
PGESwithStages,andes,andes.xbif50003_,6,5,13,179,-0.5443879921478022,-474865.5658386954,390.0,44.0,346.0,17,256.497
PGESwithStages,andes,andes.xbif50003_,6,5,17,167,-0.5460925406634098,-474461.53024832974,368.0,28.0,340.0,16,240.766
PGESwithStages,andes,andes.xbif50003_,6,5,19,160,-0.5433098301828104,-474160.58895737457,346.0,12.0,334.0,18,262.55
PGESwithStages,andes,andes.xbif50003_,6,5,2,171,-0.5489633104203955,-474517.71224176185,370.0,28.0,342.0,19,295.81
PGESwithStages,andes,andes.xbif50003_,6,5,23,212,-0.5440530099960847,-476150.51741032675,464.0,68.0,396.0,16,239.189
PGESwithStages,andes,andes.xbif50003_,6,5,29,179,-0.5387945814494842,-475281.90873874596,394.0,48.0,346.0,17,262.013
PGESwithStages,andes,andes.xbif50003_,6,5,3,162,-0.5420425132737624,-474297.2595569539,350.0,14.0,336.0,18,285.724
PGESwithStages,andes,andes.xbif50003_,6,5,5,171,-0.5457376603903367,-474572.006669568,372.0,32.0,340.0,17,263.865
PGESwithStages,andes,andes.xbif50003_,6,5,7,177,-0.5455407419633299,-474720.8916181079,388.0,42.0,346.0,18,267.986
PGESwithStages,andes,andes.xbif50003_,8,5,11,169,-0.5448285512574487,-474645.48167873156,370.0,26.0,344.0,15,255.922
PGESwithStages,andes,andes.xbif50003_,8,5,13,184,-0.5457395984761203,-474798.0971759997,402.0,52.0,350.0,19,345.757
PGESwithStages,andes,andes.xbif50003_,8,5,17,176,-0.543706735248762,-474429.1612568619,380.0,28.0,352.0,13,210.184
PGESwithStages,andes,andes.xbif50003_,8,5,19,185,-0.5436878903901495,-474853.68829319486,404.0,56.0,348.0,16,265.163
PGESwithStages,andes,andes.xbif50003_,8,5,2,183,-0.5456014434026373,-475645.67254679697,418.0,78.0,340.0,15,255.763
PGESwithStages,andes,andes.xbif50003_,8,5,23,195,-0.5422434293192637,-475731.2813426449,434.0,84.0,350.0,15,274.021
PGESwithStages,andes,andes.xbif50003_,8,5,29,195,-0.5414845375374685,-475001.1973951298,432.0,80.0,352.0,17,309.747
PGESwithStages,andes,andes.xbif50003_,8,5,3,197,-0.5423257754616166,-475435.40462346695,434.0,78.0,356.0,16,274.118
PGESwithStages,andes,andes.xbif50003_,8,5,5,178,-0.5431632938863362,-474674.1701167106,388.0,36.0,352.0,15,248.423
PGESwithStages,andes,andes.xbif50003_,8,5,7,172,-0.5480674813919362,-474746.0055423066,370.0,28.0,342.0,15,259.662
GES_BNBuilder,andes,andes.xbif50004_,1,-1,-1,178,-0.41932785535321343,-475988.8745790903,384.0,38.0,346.0,1,1572.934
PGESwithStages,andes,andes.xbif50004_,2,5,11,166,-0.5387137736919644,-474429.7184649783,354.0,28.0,326.0,40,693.637
PGESwithStages,andes,andes.xbif50004_,2,5,13,162,-0.538322995835659,-474255.2437214642,348.0,22.0,326.0,40,680.351
PGESwithStages,andes,andes.xbif50004_,2,5,17,171,-0.5461603680298545,-474234.0033624424,366.0,24.0,342.0,40,708.739
PGESwithStages,andes,andes.xbif50004_,2,5,19,164,-0.5376242871360662,-474370.9562408179,352.0,30.0,322.0,41,709.844
PGESwithStages,andes,andes.xbif50004_,2,5,2,160,-0.5473757902987113,-474378.4371942088,344.0,26.0,318.0,39,701.937
PGESwithStages,andes,andes.xbif50004_,2,5,23,174,-0.5479861159330043,-474694.4465225392,370.0,28.0,342.0,42,759.87
PGESwithStages,andes,andes.xbif50004_,2,5,29,158,-0.5455305349002857,-474476.34998241253,342.0,20.0,322.0,41,692.144
PGESwithStages,andes,andes.xbif50004_,2,5,3,166,-0.5472302130334162,-474344.6613449325,360.0,34.0,326.0,40,687.001
PGESwithStages,andes,andes.xbif50004_,2,5,5,157,-0.5464349087185739,-474078.50071482285,336.0,14.0,322.0,40,680.281
PGESwithStages,andes,andes.xbif50004_,2,5,7,162,-0.535554182145898,-474429.9946440168,346.0,26.0,320.0,41,710.41
PGESwithStages,andes,andes.xbif50004_,4,5,11,151,-0.5454679434895309,-474111.0155631269,324.0,8.0,316.0,25,329.853
PGESwithStages,andes,andes.xbif50004_,4,5,13,167,-0.5490262822438527,-474233.1693864895,360.0,30.0,330.0,24,337.281
PGESwithStages,andes,andes.xbif50004_,4,5,17,167,-0.5459963527269229,-474717.29337842495,368.0,54.0,314.0,24,408.533
PGESwithStages,andes,andes.xbif50004_,4,5,19,168,-0.53845768228763,-474648.6199861285,358.0,28.0,330.0,24,367.002
PGESwithStages,andes,andes.xbif50004_,4,5,2,176,-0.5409395985598522,-474602.65423864784,384.0,52.0,332.0,26,358.931
PGESwithStages,andes,andes.xbif50004_,4,5,23,160,-0.5413439379550712,-474173.9721260865,344.0,20.0,324.0,24,317.816
PGESwithStages,andes,andes.xbif50004_,4,5,29,163,-0.548826301849264,-474221.4229539267,354.0,14.0,340.0,23,324.745
PGESwithStages,andes,andes.xbif50004_,4,5,3,158,-0.5450956914584083,-474697.7174461569,346.0,44.0,302.0,24,350.715
PGESwithStages,andes,andes.xbif50004_,4,5,5,169,-0.5460678477662981,-474281.7916246811,362.0,22.0,340.0,27,417.859
PGESwithStages,andes,andes.xbif50004_,4,5,7,156,-0.5446830283135216,-474332.9790678541,334.0,18.0,316.0,26,392.68
PGESwithStages,andes,andes.xbif50004_,6,5,11,161,-0.5456871272264211,-474480.1337751589,348.0,22.0,326.0,21,323.183
PGESwithStages,andes,andes.xbif50004_,6,5,13,167,-0.5421208022340256,-474290.90085481544,358.0,24.0,334.0,19,293.999
PGESwithStages,andes,andes.xbif50004_,6,5,17,172,-0.5487881347933292,-474371.38780956884,370.0,30.0,340.0,18,269.65
PGESwithStages,andes,andes.xbif50004_,6,5,19,174,-0.5380348342747328,-474512.081132433,388.0,52.0,336.0,24,393.81
PGESwithStages,andes,andes.xbif50004_,6,5,2,177,-0.541216436511621,-474898.1873075129,392.0,52.0,340.0,19,290.229
PGESwithStages,andes,andes.xbif50004_,6,5,23,176,-0.5403450678102341,-474776.0742660316,386.0,52.0,334.0,19,297.824
PGESwithStages,andes,andes.xbif50004_,6,5,29,157,-0.5438911730875651,-474333.62104681,342.0,26.0,316.0,19,293.37
PGESwithStages,andes,andes.xbif50004_,6,5,3,173,-0.5427356801708644,-474828.4043808694,378.0,38.0,340.0,18,290.926
PGESwithStages,andes,andes.xbif50004_,6,5,5,165,-0.5397926863595485,-474342.35984464706,352.0,28.0,324.0,23,373.097
PGESwithStages,andes,andes.xbif50004_,6,5,7,151,-0.5473012216315137,-474237.612582236,324.0,8.0,316.0,18,286.098
PGESwithStages,andes,andes.xbif50004_,8,5,11,182,-0.5391929113138264,-474747.2028392642,398.0,66.0,332.0,17,298.129
PGESwithStages,andes,andes.xbif50004_,8,5,13,183,-0.5416648368040105,-475118.27346590115,412.0,80.0,332.0,18,331.448
PGESwithStages,andes,andes.xbif50004_,8,5,17,157,-0.5446194603720796,-474376.9613134689,340.0,24.0,316.0,16,270.116
PGESwithStages,andes,andes.xbif50004_,8,5,19,193,-0.5437553556329775,-475437.9871327737,426.0,92.0,334.0,17,300.082
PGESwithStages,andes,andes.xbif50004_,8,5,2,201,-0.5452980836075253,-475386.80119899596,458.0,108.0,350.0,14,246.428
PGESwithStages,andes,andes.xbif50004_,8,5,23,185,-0.5448554630019241,-474982.1557682181,406.0,62.0,344.0,15,257.638
PGESwithStages,andes,andes.xbif50004_,8,5,29,170,-0.5431879335960802,-474410.8914648218,370.0,34.0,336.0,15,267.832
PGESwithStages,andes,andes.xbif50004_,8,5,3,178,-0.544834007701861,-475068.45344300504,388.0,60.0,328.0,16,282.646
PGESwithStages,andes,andes.xbif50004_,8,5,5,182,-0.5400002764313969,-474708.49384713575,398.0,38.0,360.0,16,292.965
PGESwithStages,andes,andes.xbif50004_,8,5,7,170,-0.5435980657813637,-474476.39949830214,370.0,42.0,328.0,17,297.99
GES_BNBuilder,andes,andes.xbif50005_,1,-1,-1,180,-0.4188351917076477,-475791.02930264384,390.0,24.0,366.0,1,1422.027
PGESwithStages,andes,andes.xbif50005_,2,5,11,173,-0.5386263995148091,-475440.03281108197,374.0,14.0,360.0,39,728.569
PGESwithStages,andes,andes.xbif50005_,2,5,13,171,-0.5473871696337901,-475398.07304628793,372.0,34.0,338.0,37,638.884
PGESwithStages,andes,andes.xbif50005_,2,5,17,164,-0.5488296480983904,-474850.45808476384,356.0,12.0,344.0,39,676.68
PGESwithStages,andes,andes.xbif50005_,2,5,19,153,-0.540629373235707,-475018.01811443653,334.0,10.0,324.0,36,632.04
PGESwithStages,andes,andes.xbif50005_,2,5,2,167,-0.5473956399341113,-475252.94878598367,364.0,24.0,340.0,38,675.35
PGESwithStages,andes,andes.xbif50005_,2,5,23,172,-0.5473768486713265,-475398.6385051489,392.0,58.0,334.0,39,668.557
PGESwithStages,andes,andes.xbif50005_,2,5,29,158,-0.5473870506819346,-474844.1959850467,344.0,12.0,332.0,38,646.118
PGESwithStages,andes,andes.xbif50005_,2,5,3,162,-0.5473831502344104,-474856.94103716663,352.0,16.0,336.0,38,659.509
PGESwithStages,andes,andes.xbif50005_,2,5,5,155,-0.547393847002097,-474763.23860081425,336.0,6.0,330.0,36,630.063
PGESwithStages,andes,andes.xbif50005_,2,5,7,163,-0.5462099827078389,-475204.15948094387,352.0,10.0,342.0,40,689.264
PGESwithStages,andes,andes.xbif50005_,4,5,11,175,-0.5447029333303662,-475899.5567001654,398.0,68.0,330.0,25,339.212
PGESwithStages,andes,andes.xbif50005_,4,5,13,193,-0.5488689408456672,-475779.8621458696,428.0,78.0,350.0,21,330.544
PGESwithStages,andes,andes.xbif50005_,4,5,17,175,-0.5402576465514992,-475824.4516978724,396.0,64.0,332.0,22,330.444
PGESwithStages,andes,andes.xbif50005_,4,5,19,179,-0.5346769438847908,-475852.5630458808,390.0,38.0,352.0,22,314.238
PGESwithStages,andes,andes.xbif50005_,4,5,2,174,-0.543029962992674,-475686.7522867444,392.0,58.0,334.0,28,447.61
PGESwithStages,andes,andes.xbif50005_,4,5,23,165,-0.5447026984636877,-475123.2039198393,358.0,20.0,338.0,22,287.739
PGESwithStages,andes,andes.xbif50005_,4,5,29,170,-0.547604486189698,-475303.7442641015,372.0,30.0,342.0,23,368.638
PGESwithStages,andes,andes.xbif50005_,4,5,3,187,-0.5475553354346211,-475735.0929836802,412.0,32.0,380.0,22,306.458
PGESwithStages,andes,andes.xbif50005_,4,5,5,171,-0.5453714165117266,-475292.5226470439,374.0,36.0,338.0,28,406.635
PGESwithStages,andes,andes.xbif50005_,4,5,7,161,-0.541373895867586,-474985.8111027053,352.0,18.0,334.0,23,341.758
PGESwithStages,andes,andes.xbif50005_,6,5,11,181,-0.5487473544273109,-475870.59750958515,402.0,66.0,336.0,19,321.084
PGESwithStages,andes,andes.xbif50005_,6,5,13,185,-0.5435873112049298,-476169.87356606644,428.0,94.0,334.0,21,342.686
PGESwithStages,andes,andes.xbif50005_,6,5,17,189,-0.5462717076486653,-476606.74849134387,428.0,74.0,354.0,16,231.971
PGESwithStages,andes,andes.xbif50005_,6,5,19,184,-0.5432853486407673,-475767.4906138615,412.0,72.0,340.0,21,347.749
PGESwithStages,andes,andes.xbif50005_,6,5,2,175,-0.5474327470767374,-475509.02413335466,392.0,56.0,336.0,18,276.202
PGESwithStages,andes,andes.xbif50005_,6,5,23,174,-0.5489971199418809,-475281.2074793998,386.0,48.0,338.0,17,256.897
PGESwithStages,andes,andes.xbif50005_,6,5,29,171,-0.5392872962113464,-475293.50423963025,384.0,46.0,338.0,16,220.882
PGESwithStages,andes,andes.xbif50005_,6,5,3,166,-0.5421161957838136,-475248.7646277834,366.0,34.0,332.0,18,276.509
PGESwithStages,andes,andes.xbif50005_,6,5,5,178,-0.5478597997275816,-475315.9786416714,390.0,38.0,352.0,17,261.029
PGESwithStages,andes,andes.xbif50005_,6,5,7,174,-0.5472326314917184,-475691.92300632223,388.0,44.0,344.0,20,290.452
PGESwithStages,andes,andes.xbif50005_,8,5,11,172,-0.5446944280843983,-475922.73753585503,394.0,66.0,328.0,14,239.955
PGESwithStages,andes,andes.xbif50005_,8,5,13,184,-0.5489716986531068,-475959.7231389506,410.0,64.0,346.0,17,313.553
PGESwithStages,andes,andes.xbif50005_,8,5,17,179,-0.5421110515143954,-475660.22982411773,412.0,70.0,342.0,14,236.65
PGESwithStages,andes,andes.xbif50005_,8,5,19,179,-0.5437792901084546,-475758.04657730437,392.0,44.0,348.0,17,284.82
PGESwithStages,andes,andes.xbif50005_,8,5,2,182,-0.5467866685165329,-475743.5925871844,416.0,78.0,338.0,13,215.509
PGESwithStages,andes,andes.xbif50005_,8,5,23,174,-0.5411807205489138,-475604.164531485,392.0,46.0,346.0,17,302.089
PGESwithStages,andes,andes.xbif50005_,8,5,29,160,-0.5440991210192301,-475190.23150474345,346.0,10.0,336.0,15,249.917
PGESwithStages,andes,andes.xbif50005_,8,5,3,193,-0.5412085584560988,-475957.90613874345,432.0,78.0,354.0,15,264.718
PGESwithStages,andes,andes.xbif50005_,8,5,5,169,-0.5432426456558557,-475269.2208373982,370.0,32.0,338.0,20,354.617
PGESwithStages,andes,andes.xbif50005_,8,5,7,170,-0.5483157603858272,-475544.4364500689,382.0,44.0,338.0,15,249.269
GES_BNBuilder,andes,andes.xbif50006_,1,-1,-1,168,-0.4190355009070498,-475783.2283685448,364.0,32.0,332.0,1,1544.743
PGESwithStages,andes,andes.xbif50006_,2,5,11,172,-0.5393983373045342,-474717.14071680646,374.0,42.0,332.0,40,716.75
PGESwithStages,andes,andes.xbif50006_,2,5,13,172,-0.5485338554814632,-474742.12672416185,380.0,48.0,332.0,42,760.488
PGESwithStages,andes,andes.xbif50006_,2,5,17,153,-0.5397300132961705,-474527.6742313684,334.0,12.0,322.0,39,662.854
PGESwithStages,andes,andes.xbif50006_,2,5,19,166,-0.5377812937515302,-474507.4776290642,358.0,26.0,332.0,40,678.846
PGESwithStages,andes,andes.xbif50006_,2,5,2,165,-0.5449166482685754,-474747.4122874794,360.0,32.0,328.0,42,740.954
PGESwithStages,andes,andes.xbif50006_,2,5,23,170,-0.5356518601167938,-474667.74632806657,370.0,40.0,330.0,41,703.333
PGESwithStages,andes,andes.xbif50006_,2,5,29,165,-0.5436342701889462,-474418.1490728017,356.0,26.0,330.0,39,655.589
PGESwithStages,andes,andes.xbif50006_,2,5,3,168,-0.5398948786191615,-474441.7739221415,364.0,28.0,336.0,39,695.593
PGESwithStages,andes,andes.xbif50006_,2,5,5,181,-0.5432762182947214,-474993.27298074093,394.0,60.0,334.0,39,892.116
PGESwithStages,andes,andes.xbif50006_,2,5,7,167,-0.545440441317721,-474773.271392578,370.0,46.0,324.0,43,730.214
PGESwithStages,andes,andes.xbif50006_,4,5,11,160,-0.5447792926898763,-474512.23929079185,348.0,18.0,330.0,21,297.356
PGESwithStages,andes,andes.xbif50006_,4,5,13,179,-0.545952883989377,-475018.00392294605,402.0,64.0,338.0,23,345.511
PGESwithStages,andes,andes.xbif50006_,4,5,17,169,-0.5474210567515764,-475062.29689310346,382.0,54.0,328.0,22,303.803
PGESwithStages,andes,andes.xbif50006_,4,5,19,170,-0.5484372318163001,-474634.2542399639,380.0,52.0,328.0,23,348.72
PGESwithStages,andes,andes.xbif50006_,4,5,2,173,-0.5458965067900302,-474925.24029174354,382.0,44.0,338.0,25,361.002
PGESwithStages,andes,andes.xbif50006_,4,5,23,159,-0.5483605802673657,-474311.6188178929,346.0,18.0,328.0,23,342.459
PGESwithStages,andes,andes.xbif50006_,4,5,29,156,-0.5467063584818207,-474305.3208852552,340.0,14.0,326.0,22,316.067
PGESwithStages,andes,andes.xbif50006_,4,5,3,167,-0.542922197744461,-474402.2296115599,360.0,28.0,332.0,23,334.924
PGESwithStages,andes,andes.xbif50006_,4,5,5,156,-0.5391482260026811,-474688.88185268803,346.0,26.0,320.0,24,323.639
PGESwithStages,andes,andes.xbif50006_,4,5,7,167,-0.5363231470505165,-474768.4456798437,368.0,42.0,326.0,26,383.05
PGESwithStages,andes,andes.xbif50006_,6,5,11,178,-0.5447955965964218,-475271.23568142176,396.0,68.0,328.0,18,276.571
PGESwithStages,andes,andes.xbif50006_,6,5,13,177,-0.5413242896023532,-475056.17273550545,388.0,56.0,332.0,19,317.696
PGESwithStages,andes,andes.xbif50006_,6,5,17,183,-0.5403388545329056,-475354.29511873366,416.0,84.0,332.0,18,292.886
PGESwithStages,andes,andes.xbif50006_,6,5,19,199,-0.5407300334523141,-476057.3996901323,442.0,92.0,350.0,17,261.221
PGESwithStages,andes,andes.xbif50006_,6,5,2,181,-0.5464383393263103,-475022.02277265606,402.0,68.0,334.0,18,283.833
PGESwithStages,andes,andes.xbif50006_,6,5,23,181,-0.5428769042178971,-475348.34815351956,402.0,78.0,324.0,22,372.306
PGESwithStages,andes,andes.xbif50006_,6,5,29,189,-0.546253527847542,-475588.609397528,414.0,70.0,344.0,19,291.551
PGESwithStages,andes,andes.xbif50006_,6,5,3,171,-0.5484993653386965,-474730.039821991,378.0,46.0,332.0,20,296.205
PGESwithStages,andes,andes.xbif50006_,6,5,5,175,-0.5400914521631223,-475197.078107233,386.0,62.0,324.0,17,290.557
PGESwithStages,andes,andes.xbif50006_,6,5,7,172,-0.54378753729279,-475158.77292807493,380.0,44.0,336.0,16,246.058
PGESwithStages,andes,andes.xbif50006_,8,5,11,191,-0.546720341263908,-475152.85393452074,422.0,76.0,346.0,17,304.741
PGESwithStages,andes,andes.xbif50006_,8,5,13,185,-0.542422390113536,-475644.5534206375,408.0,80.0,328.0,24,467.074
PGESwithStages,andes,andes.xbif50006_,8,5,19,176,-0.5412893383585137,-475107.8596320402,390.0,60.0,330.0,16,279.442
PGESwithStages,andes,andes.xbif50006_,8,5,2,187,-0.5400400799122229,-475434.22756916546,420.0,86.0,334.0,15,268.365
PGESwithStages,andes,andes.xbif50006_,8,5,23,174,-0.5406995128154514,-475065.0855102245,398.0,68.0,330.0,20,359.64
PGESwithStages,andes,andes.xbif50006_,8,5,29,241,-0.541183770367679,-477138.6365046805,542.0,104.0,438.0,16,297.709
PGESwithStages,andes,andes.xbif50006_,8,5,3,189,-0.5425487054526764,-475315.9174615593,416.0,74.0,342.0,14,242.779
PGESwithStages,andes,andes.xbif50006_,8,5,5,179,-0.5462949815930208,-474940.2340297283,404.0,62.0,342.0,15,266.003
PGESwithStages,andes,andes.xbif50006_,8,5,7,190,-0.5462472375822455,-475231.5164970933,424.0,68.0,356.0,16,274.747
GES_BNBuilder,andes,andes.xbif50007_,1,-1,-1,175,-0.41928667093556005,-476233.19924284605,378.0,20.0,358.0,1,1484.105
PGESwithStages,andes,andes.xbif50007_,2,5,11,175,-0.5444656676286881,-475063.39996425697,378.0,18.0,360.0,39,645.805
PGESwithStages,andes,andes.xbif50007_,2,5,13,169,-0.5471623771505115,-474871.41759328346,366.0,20.0,346.0,42,704.493
PGESwithStages,andes,andes.xbif50007_,2,5,17,163,-0.5467478722173621,-474756.8055182973,352.0,8.0,344.0,39,659.09
PGESwithStages,andes,andes.xbif50007_,2,5,19,342,-0.5428597553762488,-483477.4475613992,722.0,14.0,708.0,26,395.396
PGESwithStages,andes,andes.xbif50007_,2,5,2,169,-0.5487250780505508,-474824.5620706179,366.0,18.0,348.0,37,606.838
PGESwithStages,andes,andes.xbif50007_,2,5,23,165,-0.5489888295724755,-474758.9379144559,356.0,12.0,344.0,45,752.467
PGESwithStages,andes,andes.xbif50007_,2,5,29,167,-0.5473076368366725,-474861.72733333585,364.0,18.0,346.0,38,620.39
PGESwithStages,andes,andes.xbif50007_,2,5,3,183,-0.5408377786580301,-475026.03175569035,394.0,34.0,360.0,42,715.324
PGESwithStages,andes,andes.xbif50007_,2,5,5,228,-0.5474052097291233,-476936.990663955,492.0,54.0,438.0,40,743.425
PGESwithStages,andes,andes.xbif50007_,2,5,7,177,-0.5398764840228062,-475303.19478231325,380.0,14.0,366.0,37,635.999
PGESwithStages,andes,andes.xbif50007_,4,5,11,189,-0.5448392031781824,-475711.2927360388,404.0,36.0,368.0,26,358.743
PGESwithStages,andes,andes.xbif50007_,4,5,13,186,-0.5488080279598849,-475612.0034302543,414.0,46.0,368.0,22,336.287
PGESwithStages,andes,andes.xbif50007_,4,5,17,183,-0.5479512302688094,-475501.817069006,394.0,24.0,370.0,27,388.865
PGESwithStages,andes,andes.xbif50007_,4,5,19,165,-0.5487290987669764,-474744.80786791915,356.0,10.0,346.0,23,359.281
PGESwithStages,andes,andes.xbif50007_,4,5,2,174,-0.5379066801779847,-475052.34582216915,374.0,16.0,358.0,23,308.999
PGESwithStages,andes,andes.xbif50007_,4,5,23,164,-0.5465550184176423,-474865.21440263436,354.0,10.0,344.0,23,297.007
PGESwithStages,andes,andes.xbif50007_,4,5,29,172,-0.547506723307957,-475092.64628599194,370.0,10.0,360.0,24,332.861
PGESwithStages,andes,andes.xbif50007_,4,5,3,179,-0.5456513922958914,-474976.4537432482,384.0,18.0,366.0,25,353.339
PGESwithStages,andes,andes.xbif50007_,4,5,5,169,-0.538265294052619,-474923.00349779084,364.0,14.0,350.0,24,362.472
PGESwithStages,andes,andes.xbif50007_,4,5,7,163,-0.5439554986413057,-474787.5358005349,352.0,8.0,344.0,23,314.177
PGESwithStages,andes,andes.xbif50007_,6,5,11,170,-0.5353237230967188,-475205.68751982454,366.0,10.0,356.0,17,280.588
PGESwithStages,andes,andes.xbif50007_,6,5,13,218,-0.5463394518028778,-476536.73053601116,482.0,66.0,416.0,20,315.809
PGESwithStages,andes,andes.xbif50007_,6,5,17,177,-0.541301382742342,-475360.4862025614,380.0,14.0,366.0,17,250.79
PGESwithStages,andes,andes.xbif50007_,6,5,19,194,-0.5432380643496146,-475712.56159962306,426.0,58.0,368.0,19,310.125
PGESwithStages,andes,andes.xbif50007_,6,5,2,164,-0.5465331201250242,-474782.94260589784,354.0,8.0,346.0,19,264.742
PGESwithStages,andes,andes.xbif50007_,6,5,23,175,-0.5338876809287271,-475067.58341525256,376.0,22.0,354.0,20,316.51
PGESwithStages,andes,andes.xbif50007_,6,5,29,172,-0.5412868478048635,-474929.1683732844,374.0,20.0,354.0,17,238.516
PGESwithStages,andes,andes.xbif50007_,6,5,3,189,-0.5491112149811926,-475390.405847465,410.0,38.0,372.0,18,294.204
PGESwithStages,andes,andes.xbif50007_,6,5,5,182,-0.5416071898751553,-475145.158841235,394.0,32.0,362.0,17,260.961
PGESwithStages,andes,andes.xbif50007_,6,5,7,169,-0.5451431172744162,-475037.97936275566,364.0,8.0,356.0,17,238.426
PGESwithStages,andes,andes.xbif50007_,8,5,11,186,-0.5391453689698309,-475538.62916987966,408.0,46.0,362.0,14,230.815
PGESwithStages,andes,andes.xbif50007_,8,5,13,197,-0.541898524699403,-476240.079198645,436.0,62.0,374.0,15,270.704
PGESwithStages,andes,andes.xbif50007_,8,5,17,183,-0.5477358115492484,-475355.8286936553,394.0,22.0,372.0,14,226.046
PGESwithStages,andes,andes.xbif50007_,8,5,19,194,-0.546637295046012,-475589.73392609507,420.0,32.0,388.0,19,329.833
PGESwithStages,andes,andes.xbif50007_,8,5,2,197,-0.5376710655061998,-476504.4684437196,442.0,62.0,380.0,15,261.525
PGESwithStages,andes,andes.xbif50007_,8,5,23,188,-0.5485433786985159,-475667.5890186481,410.0,36.0,374.0,15,259.217
PGESwithStages,andes,andes.xbif50007_,8,5,29,182,-0.5402586309537679,-475280.9135485646,398.0,36.0,362.0,15,259.102
PGESwithStages,andes,andes.xbif50007_,8,5,3,197,-0.5444843264930368,-475549.36069842125,420.0,30.0,390.0,16,282.843
PGESwithStages,andes,andes.xbif50007_,8,5,7,168,-0.547380334166437,-474848.55840166146,362.0,12.0,350.0,24,438.468
GES_BNBuilder,andes,andes.xbif50008_,1,-1,-1,167,-0.41834026556128495,-476089.9917636244,356.0,24.0,332.0,1,1542.759
PGESwithStages,andes,andes.xbif50008_,2,5,11,176,-0.5448240827664705,-475737.23470885074,382.0,30.0,352.0,38,622.64
PGESwithStages,andes,andes.xbif50008_,2,5,13,164,-0.5426910769142507,-475817.06839450914,354.0,16.0,338.0,41,678.093
PGESwithStages,andes,andes.xbif50008_,2,5,17,166,-0.5459709673920611,-476068.74755555636,370.0,52.0,318.0,42,710.926
PGESwithStages,andes,andes.xbif50008_,2,5,19,165,-0.5464391070104626,-475638.5342430224,356.0,26.0,330.0,45,799.336
PGESwithStages,andes,andes.xbif50008_,2,5,2,170,-0.5473969463704985,-475956.11490466335,368.0,28.0,340.0,37,631.896
PGESwithStages,andes,andes.xbif50008_,2,5,23,174,-0.548981943354341,-475592.749962856,372.0,14.0,358.0,42,713.82
PGESwithStages,andes,andes.xbif50008_,2,5,29,163,-0.5473910071072255,-476084.4644015759,356.0,30.0,326.0,40,707.13
PGESwithStages,andes,andes.xbif50008_,2,5,3,166,-0.5452521941304411,-475906.60729897954,356.0,18.0,338.0,40,682.739
PGESwithStages,andes,andes.xbif50008_,2,5,5,168,-0.5482302249119902,-475883.15488145757,360.0,14.0,346.0,41,742.246
PGESwithStages,andes,andes.xbif50008_,2,5,7,157,-0.5410979176792537,-475672.13424560125,344.0,24.0,320.0,42,722.15
PGESwithStages,andes,andes.xbif50008_,4,5,11,218,-0.5447380581128004,-476896.45847677684,470.0,64.0,406.0,25,398.799
PGESwithStages,andes,andes.xbif50008_,4,5,13,174,-0.5489969765592811,-475965.20886628533,386.0,48.0,338.0,23,322.89
PGESwithStages,andes,andes.xbif50008_,4,5,17,181,-0.5421075204166595,-476283.22876509896,400.0,64.0,336.0,28,405.629
PGESwithStages,andes,andes.xbif50008_,4,5,19,170,-0.545761953244198,-475688.16122396936,380.0,42.0,338.0,26,386.919
PGESwithStages,andes,andes.xbif50008_,4,5,2,179,-0.5459164088525619,-476942.21116000187,388.0,46.0,342.0,24,376.339
PGESwithStages,andes,andes.xbif50008_,4,5,23,173,-0.5422787408014232,-475986.643920885,378.0,42.0,336.0,23,314.936
PGESwithStages,andes,andes.xbif50008_,4,5,29,155,-0.5489579674653886,-475649.9077665254,332.0,14.0,318.0,25,367.147
PGESwithStages,andes,andes.xbif50008_,4,5,3,185,-0.5418931412790724,-476595.2615170368,414.0,76.0,338.0,28,438.925
PGESwithStages,andes,andes.xbif50008_,4,5,5,174,-0.5470085314971552,-476054.3631189689,386.0,52.0,334.0,25,335.001
PGESwithStages,andes,andes.xbif50008_,4,5,7,179,-0.5446526847150751,-476139.57515940565,394.0,48.0,346.0,22,327.435
PGESwithStages,andes,andes.xbif50008_,6,5,11,193,-0.5369000326353793,-476028.76588142954,412.0,56.0,356.0,18,288.445
PGESwithStages,andes,andes.xbif50008_,6,5,13,187,-0.5440340936684237,-476894.525284811,414.0,82.0,332.0,18,323.098
PGESwithStages,andes,andes.xbif50008_,6,5,17,179,-0.542774186014486,-476258.38472466526,382.0,44.0,338.0,21,328.593
PGESwithStages,andes,andes.xbif50008_,6,5,19,200,-0.548653193634255,-477481.11356662057,434.0,60.0,374.0,21,355.68
PGESwithStages,andes,andes.xbif50008_,6,5,2,181,-0.5438060757083395,-476296.13713720266,394.0,52.0,342.0,19,286.38
PGESwithStages,andes,andes.xbif50008_,6,5,23,176,-0.5414070974154678,-476324.4013107847,384.0,44.0,340.0,18,303.762
PGESwithStages,andes,andes.xbif50008_,6,5,29,182,-0.5432547241075346,-476689.63467490335,402.0,60.0,342.0,25,425.034
PGESwithStages,andes,andes.xbif50008_,6,5,3,182,-0.5441338725409804,-476546.3570143731,402.0,64.0,338.0,18,323.744
PGESwithStages,andes,andes.xbif50008_,6,5,5,186,-0.5413723433861912,-476388.2597442001,404.0,72.0,332.0,18,283.766
PGESwithStages,andes,andes.xbif50008_,6,5,7,208,-0.547412958573433,-477136.0699138428,456.0,82.0,374.0,16,246.97
PGESwithStages,andes,andes.xbif50008_,8,5,11,189,-0.5416191724402131,-476764.2444251611,428.0,74.0,354.0,19,357.337
PGESwithStages,andes,andes.xbif50008_,8,5,13,183,-0.5417181824998727,-476184.5939098154,406.0,52.0,354.0,14,261.492
PGESwithStages,andes,andes.xbif50008_,8,5,17,172,-0.544751528649248,-476048.7578458291,374.0,36.0,338.0,15,249.886
PGESwithStages,andes,andes.xbif50008_,8,5,19,167,-0.5420171547536763,-476443.7000979412,364.0,50.0,314.0,15,266.749
PGESwithStages,andes,andes.xbif50008_,8,5,2,187,-0.5443826304106593,-477290.50780306826,404.0,48.0,356.0,17,316.038
PGESwithStages,andes,andes.xbif50008_,8,5,23,189,-0.5461404667221654,-477115.0756162355,416.0,70.0,346.0,19,363.647
PGESwithStages,andes,andes.xbif50008_,8,5,29,165,-0.5440396103410803,-475828.81060037186,354.0,22.0,332.0,13,217.875
PGESwithStages,andes,andes.xbif50008_,8,5,3,196,-0.5421096157758761,-476814.36848962144,430.0,70.0,360.0,17,304.383
PGESwithStages,andes,andes.xbif50008_,8,5,5,194,-0.5428427392236279,-476545.9472714731,422.0,74.0,348.0,15,264.552
PGESwithStages,andes,andes.xbif50008_,8,5,7,184,-0.5464938001222297,-476605.5771627449,406.0,62.0,344.0,15,270.675
GES_BNBuilder,andes,andes.xbif50009_,1,-1,-1,172,-0.4181637458964756,-475859.2484626996,380.0,52.0,328.0,1,1592.977
PGESwithStages,andes,andes.xbif50009_,2,5,11,185,-0.5386168203517648,-475665.8873079457,404.0,32.0,372.0,38,696.075
PGESwithStages,andes,andes.xbif50009_,2,5,13,169,-0.5473703788647897,-475387.57638435764,372.0,40.0,332.0,39,708.87
PGESwithStages,andes,andes.xbif50009_,2,5,17,171,-0.5439462341119573,-475621.95080764475,392.0,66.0,326.0,41,732.65
PGESwithStages,andes,andes.xbif50009_,2,5,19,177,-0.5401106310340152,-475608.5208362682,388.0,46.0,342.0,37,668.511
PGESwithStages,andes,andes.xbif50009_,2,5,2,156,-0.5473657576009561,-475309.63376022957,346.0,28.0,318.0,40,685.378
PGESwithStages,andes,andes.xbif50009_,2,5,23,151,-0.5473817733688727,-475030.51543657365,328.0,8.0,320.0,39,690.851
PGESwithStages,andes,andes.xbif50009_,2,5,29,175,-0.5439943250633636,-475443.8798745666,380.0,38.0,342.0,41,688.786
PGESwithStages,andes,andes.xbif50009_,2,5,3,168,-0.547382537829024,-475343.2832730632,362.0,28.0,334.0,37,646.337
PGESwithStages,andes,andes.xbif50009_,2,5,5,185,-0.5488357926659934,-475808.6585509293,402.0,24.0,378.0,39,701.835
PGESwithStages,andes,andes.xbif50009_,2,5,7,155,-0.5473765333591702,-475288.44940595573,336.0,16.0,320.0,40,653.244
PGESwithStages,andes,andes.xbif50009_,4,5,11,195,-0.5448237564617513,-476058.72102468926,424.0,58.0,366.0,24,435.945
PGESwithStages,andes,andes.xbif50009_,4,5,13,155,-0.5488930824194408,-475149.7332573319,336.0,14.0,322.0,23,325.514
PGESwithStages,andes,andes.xbif50009_,4,5,17,187,-0.5473842127304617,-476014.22192252614,404.0,46.0,358.0,24,347.782
PGESwithStages,andes,andes.xbif50009_,4,5,19,184,-0.5376884072896709,-475579.9909526999,412.0,72.0,340.0,24,362.572
PGESwithStages,andes,andes.xbif50009_,4,5,2,172,-0.5473498922634314,-475753.0171294904,392.0,64.0,328.0,23,347.095
PGESwithStages,andes,andes.xbif50009_,4,5,23,152,-0.5446946845631249,-475090.78521225863,332.0,10.0,322.0,22,320.194
PGESwithStages,andes,andes.xbif50009_,4,5,29,166,-0.5473835738646119,-475196.52714537084,358.0,28.0,330.0,21,310.813
PGESwithStages,andes,andes.xbif50009_,4,5,3,170,-0.5473641223497284,-475606.3175534024,374.0,46.0,328.0,25,373.771
PGESwithStages,andes,andes.xbif50009_,4,5,5,177,-0.5473509348327521,-475772.4477328596,390.0,58.0,332.0,27,390.37
PGESwithStages,andes,andes.xbif50009_,4,5,7,159,-0.5416775456623412,-475328.7882901641,346.0,12.0,334.0,23,346.572
PGESwithStages,andes,andes.xbif50009_,6,5,11,212,-0.5491416619923363,-476673.212254603,468.0,80.0,388.0,17,267.087
PGESwithStages,andes,andes.xbif50009_,6,5,13,161,-0.5433179244852778,-475610.6030666725,352.0,26.0,326.0,19,291.691
PGESwithStages,andes,andes.xbif50009_,6,5,17,192,-0.5391440323238836,-476253.8304388495,426.0,84.0,342.0,21,323.134
PGESwithStages,andes,andes.xbif50009_,6,5,19,210,-0.5431050108287627,-476781.29144334357,472.0,102.0,370.0,19,323.131
PGESwithStages,andes,andes.xbif50009_,6,5,2,195,-0.5473801830182022,-475880.0897626785,426.0,50.0,376.0,15,251.73
PGESwithStages,andes,andes.xbif50009_,6,5,23,167,-0.5489910140116085,-476032.35776970675,366.0,46.0,320.0,21,327.165
PGESwithStages,andes,andes.xbif50009_,6,5,29,185,-0.5369051750645332,-475582.93901374476,418.0,76.0,342.0,16,238.466
PGESwithStages,andes,andes.xbif50009_,6,5,3,169,-0.5420365990579754,-475589.51243567694,372.0,44.0,328.0,18,282.314
PGESwithStages,andes,andes.xbif50009_,6,5,5,204,-0.549089365306185,-476397.7283352818,446.0,68.0,378.0,20,392.968
PGESwithStages,andes,andes.xbif50009_,6,5,7,176,-0.5441370576410104,-475673.84468606,390.0,50.0,340.0,17,261.661
PGESwithStages,andes,andes.xbif50009_,8,5,11,175,-0.5445936456359503,-476175.0907855909,396.0,70.0,326.0,15,257.168
PGESwithStages,andes,andes.xbif50009_,8,5,13,190,-0.5462574683038552,-476515.7746319047,424.0,76.0,348.0,15,265.623
PGESwithStages,andes,andes.xbif50009_,8,5,17,164,-0.5421115235125918,-475365.82435089175,364.0,38.0,326.0,14,242.844
PGESwithStages,andes,andes.xbif50009_,8,5,19,160,-0.5461609334324028,-475337.01523930795,354.0,32.0,322.0,17,305.154
PGESwithStages,andes,andes.xbif50009_,8,5,2,160,-0.5455599004269766,-475401.5565117275,348.0,20.0,328.0,14,240.316
PGESwithStages,andes,andes.xbif50009_,8,5,23,170,-0.541164991824455,-475844.8097470685,386.0,60.0,326.0,17,289.008
PGESwithStages,andes,andes.xbif50009_,8,5,29,170,-0.5408876247584268,-475520.944455778,370.0,40.0,330.0,14,232.125
PGESwithStages,andes,andes.xbif50009_,8,5,3,194,-0.5421029226889853,-476427.1537408277,424.0,70.0,354.0,15,254.004
PGESwithStages,andes,andes.xbif50009_,8,5,5,173,-0.5420697022584045,-475862.122663635,382.0,56.0,326.0,17,310.413
PGESwithStages,andes,andes.xbif50009_,8,5,7,174,-0.5478489144438276,-475599.5791427289,386.0,58.0,328.0,14,241.283
GES_BNBuilder,andes,andes.xbif_,1,-1,-1,193,-0.4232999822404607,-481312.1092484056,418.0,50.0,368.0,1,1513.773
PGESwithStages,andes,andes.xbif_,2,5,11,166,-0.5454044724515115,-475576.29309950874,360.0,24.0,336.0,43,752.146
PGESwithStages,andes,andes.xbif_,2,5,13,160,-0.5473827921134854,-475393.2297603384,348.0,12.0,336.0,37,640.52
PGESwithStages,andes,andes.xbif_,2,5,17,166,-0.5479136435184798,-475451.06709161925,360.0,18.0,342.0,41,702.916
PGESwithStages,andes,andes.xbif_,2,5,19,160,-0.5376403294977362,-475311.34758978314,346.0,10.0,336.0,38,662.671
PGESwithStages,andes,andes.xbif_,2,5,2,170,-0.5484725486311082,-475352.20941916114,368.0,22.0,346.0,39,680.636
PGESwithStages,andes,andes.xbif_,2,5,23,163,-0.5452268287625104,-475397.0239038658,354.0,18.0,336.0,44,792.682
PGESwithStages,andes,andes.xbif_,2,5,29,156,-0.5473838398525113,-475125.8246537613,338.0,4.0,334.0,36,644.37
PGESwithStages,andes,andes.xbif_,2,5,3,168,-0.547383434785584,-475444.40805496037,368.0,28.0,340.0,38,647.651
PGESwithStages,andes,andes.xbif_,2,5,5,160,-0.5473797971679631,-475307.0937985008,346.0,10.0,336.0,37,624.973
PGESwithStages,andes,andes.xbif_,2,5,7,188,-0.5426709036414419,-475643.5936212235,408.0,48.0,360.0,43,748.763
PGESwithStages,andes,andes.xbif_,4,5,11,173,-0.5448614489309008,-475638.6678303356,374.0,24.0,350.0,21,281.27
PGESwithStages,andes,andes.xbif_,4,5,13,162,-0.549122461682461,-475310.530223253,350.0,12.0,338.0,25,357.124
PGESwithStages,andes,andes.xbif_,4,5,17,173,-0.5441816284488757,-475753.87641624815,380.0,38.0,342.0,22,338.115
PGESwithStages,andes,andes.xbif_,4,5,19,165,-0.5376328375366614,-475438.96701394476,360.0,22.0,338.0,23,325.941
PGESwithStages,andes,andes.xbif_,4,5,2,164,-0.5473897448888412,-475156.4763066001,354.0,12.0,342.0,22,281.066
PGESwithStages,andes,andes.xbif_,4,5,23,160,-0.5445621883497112,-475157.7809002162,346.0,4.0,342.0,24,310.815
PGESwithStages,andes,andes.xbif_,4,5,29,159,-0.5473747627062095,-475297.87598252273,346.0,10.0,336.0,21,305.965
PGESwithStages,andes,andes.xbif_,4,5,3,185,-0.5491534505502756,-475640.73029862373,404.0,32.0,372.0,21,303.525
PGESwithStages,andes,andes.xbif_,4,5,5,166,-0.5460147494182075,-475372.46517271764,358.0,12.0,346.0,22,314.29
PGESwithStages,andes,andes.xbif_,4,5,7,162,-0.5416770570687346,-475385.6080888225,350.0,8.0,342.0,22,323.898
PGESwithStages,andes,andes.xbif_,6,5,11,204,-0.5453282575950485,-476473.3065763397,448.0,36.0,412.0,15,231.343
PGESwithStages,andes,andes.xbif_,6,5,13,173,-0.5442662559272619,-475609.58547790535,374.0,20.0,354.0,17,256.407
PGESwithStages,andes,andes.xbif_,6,5,17,179,-0.5450750723911968,-475921.0654658524,394.0,48.0,346.0,18,275.075
PGESwithStages,andes,andes.xbif_,6,5,19,170,-0.537319745928142,-475534.9014199421,368.0,26.0,342.0,20,293.579
PGESwithStages,andes,andes.xbif_,6,5,2,186,-0.5473564433119864,-476131.2483381254,424.0,84.0,340.0,18,283.068
PGESwithStages,andes,andes.xbif_,6,5,23,178,-0.5436459062024017,-475784.07892422896,392.0,44.0,348.0,18,274.217
PGESwithStages,andes,andes.xbif_,6,5,29,188,-0.5359389329591935,-475913.8794915961,406.0,28.0,378.0,17,267.386
PGESwithStages,andes,andes.xbif_,6,5,3,164,-0.5441291998520419,-475416.55906485405,354.0,14.0,340.0,17,271.97
PGESwithStages,andes,andes.xbif_,6,5,5,171,-0.5422572004161739,-475460.8319990293,372.0,30.0,342.0,21,336.206
PGESwithStages,andes,andes.xbif_,6,5,7,175,-0.5462467014678895,-475706.676643803,384.0,30.0,354.0,26,419.13
PGESwithStages,andes,andes.xbif_,8,5,11,183,-0.5431556239663731,-476209.15063851833,410.0,58.0,352.0,14,240.154
PGESwithStages,andes,andes.xbif_,8,5,13,173,-0.5421031485461602,-475580.21446496743,376.0,34.0,342.0,15,267.105
PGESwithStages,andes,andes.xbif_,8,5,17,181,-0.5442493149925033,-476307.5224311632,410.0,54.0,356.0,14,238.575
PGESwithStages,andes,andes.xbif_,8,5,19,168,-0.5442606797819007,-475458.6540948634,362.0,14.0,348.0,17,288.804
PGESwithStages,andes,andes.xbif_,8,5,2,179,-0.5472417352553439,-475786.2929509676,394.0,44.0,350.0,13,214.286
PGESwithStages,andes,andes.xbif_,8,5,23,199,-0.5414849164165431,-476429.3392002579,436.0,58.0,378.0,14,250.678
PGESwithStages,andes,andes.xbif_,8,5,29,170,-0.5414622239313321,-475640.8880552091,370.0,32.0,338.0,14,240.908
PGESwithStages,andes,andes.xbif_,8,5,3,174,-0.5442532706827514,-476013.08076288697,378.0,26.0,352.0,15,252.643
PGESwithStages,andes,andes.xbif_,8,5,5,175,-0.5453441625844778,-475567.1461105677,382.0,34.0,348.0,14,243.526
PGESwithStages,andes,andes.xbif_,8,5,7,173,-0.547301852483699,-476270.8490464177,384.0,52.0,332.0,15,272.701
