algorithm,network,bbdd,threads,itLimit,exploitConst,numSwaps,probSwap,bdeuMCTS,iteration,time
mcts,alarm,alarm.xbif_,32,1250,50.0,0.0,0.0,-54082.051121150136,0,0.039
mcts,alarm,alarm.xbif_,32,1250,50.0,0.0,0.0,-54082.051121150136,1,0.019
mcts,alarm,alarm.xbif_,32,1250,50.0,0.0,0.0,-54082.051121150136,2,0.019
mcts,alarm,alarm.xbif_,32,1250,50.0,0.0,0.0,-54082.051121150136,3,0.017
mcts,alarm,alarm.xbif_,32,1250,50.0,0.0,0.0,-54082.051121150136,4,0.017
mcts,alarm,alarm.xbif_,32,1250,50.0,0.0,0.0,-54082.051121150136,5,0.018
mcts,alarm,alarm.xbif_,32,1250,50.0,0.0,0.0,-54082.051121150136,6,0.013
mcts,alarm,alarm.xbif_,32,1250,50.0,0.0,0.0,-54082.051121150136,7,0.018
mcts,alarm,alarm.xbif_,32,1250,50.0,0.0,0.0,-54082.051121150136,8,0.012
mcts,alarm,alarm.xbif_,32,1250,50.0,0.0,0.0,-54082.051121150136,9,0.011
mcts,alarm,alarm.xbif_,32,1250,50.0,0.0,0.0,-54082.051121150136,10,0.017
mcts,alarm,alarm.xbif_,32,1250,50.0,0.0,0.0,-54082.051121150136,11,0.019
mcts,alarm,alarm.xbif_,32,1250,50.0,0.0,0.0,-54082.051121150136,12,0.01
mcts,alarm,alarm.xbif_,32,1250,50.0,0.0,0.0,-54082.051121150136,13,0.024
mcts,alarm,alarm.xbif_,32,1250,50.0,0.0,0.0,-54082.051121150136,14,0.011
mcts,alarm,alarm.xbif_,32,1250,50.0,0.0,0.0,-54082.051121150136,15,0.013
mcts,alarm,alarm.xbif_,32,1250,50.0,0.0,0.0,-54082.051121150136,16,0.016
mcts,alarm,alarm.xbif_,32,1250,50.0,0.0,0.0,-53961.414802607294,17,0.008
mcts,alarm,alarm.xbif_,32,1250,50.0,0.0,0.0,-53961.414802607294,18,0.006
mcts,alarm,alarm.xbif_,32,1250,50.0,0.0,0.0,-53961.414802607294,19,0.006
mcts,alarm,alarm.xbif_,32,1250,50.0,0.0,0.0,-53961.414802607294,20,0.007
mcts,alarm,alarm.xbif_,32,1250,50.0,0.0,0.0,-53961.414802607294,21,0.008
mcts,alarm,alarm.xbif_,32,1250,50.0,0.0,0.0,-53961.414802607294,22,0.018
mcts,alarm,alarm.xbif_,32,1250,50.0,0.0,0.0,-53961.414802607294,23,0.014
mcts,alarm,alarm.xbif_,32,1250,50.0,0.0,0.0,-53961.414802607294,24,0.014
mcts,alarm,alarm.xbif_,32,1250,50.0,0.0,0.0,-53961.414802607294,25,0.007
mcts,alarm,alarm.xbif_,32,1250,50.0,0.0,0.0,-53961.414802607294,26,0.008
mcts,alarm,alarm.xbif_,32,1250,50.0,0.0,0.0,-53961.414802607294,27,0.015
mcts,alarm,alarm.xbif_,32,1250,50.0,0.0,0.0,-53961.414802607294,28,0.016
mcts,alarm,alarm.xbif_,32,1250,50.0,0.0,0.0,-53961.414802607294,29,0.008
mcts,alarm,alarm.xbif_,32,1250,50.0,0.0,0.0,-53961.414802607294,30,0.012
mcts,alarm,alarm.xbif_,32,1250,50.0,0.0,0.0,-53961.414802607294,31,0.01
mcts,alarm,alarm.xbif_,32,1250,50.0,0.0,0.0,-53961.414802607294,32,0.012
mcts,alarm,alarm.xbif_,32,1250,50.0,0.0,0.0,-53961.414802607294,33,0.007
mcts,alarm,alarm.xbif_,32,1250,50.0,0.0,0.0,-53961.414802607294,34,0.01
mcts,alarm,alarm.xbif_,32,1250,50.0,0.0,0.0,-53961.414802607294,35,0.006
mcts,alarm,alarm.xbif_,32,1250,50.0,0.0,0.0,-53961.414802607294,36,0.004
mcts,alarm,alarm.xbif_,32,1250,50.0,0.0,0.0,-53961.414802607294,37,0.006
mcts,alarm,alarm.xbif_,32,1250,50.0,0.0,0.0,-53961.414802607294,38,0.008
mcts,alarm,alarm.xbif_,32,1250,50.0,0.0,0.0,-53961.414802607294,39,0.005
mcts,alarm,alarm.xbif_,32,1250,50.0,0.0,0.0,-53961.414802607294,40,0.005
mcts,alarm,alarm.xbif_,32,1250,50.0,0.0,0.0,-53961.414802607294,41,0.006
mcts,alarm,alarm.xbif_,32,1250,50.0,0.0,0.0,-53961.414802607294,42,0.005
mcts,alarm,alarm.xbif_,32,1250,50.0,0.0,0.0,-53961.414802607294,43,0.005
mcts,alarm,alarm.xbif_,32,1250,50.0,0.0,0.0,-53961.414802607294,44,0.004
mcts,alarm,alarm.xbif_,32,1250,50.0,0.0,0.0,-53961.414802607294,45,0.008
mcts,alarm,alarm.xbif_,32,1250,50.0,0.0,0.0,-53961.414802607294,46,0.006
mcts,alarm,alarm.xbif_,32,1250,50.0,0.0,0.0,-53961.414802607294,47,0.005
mcts,alarm,alarm.xbif_,32,1250,50.0,0.0,0.0,-53961.414802607294,48,0.007
mcts,alarm,alarm.xbif_,32,1250,50.0,0.0,0.0,-53961.414802607294,49,0.006
mcts,alarm,alarm.xbif_,32,1250,50.0,0.0,0.0,-53961.414802607294,50,0.006
mcts,alarm,alarm.xbif_,32,1250,50.0,0.0,0.0,-53961.414802607294,51,0.004
mcts,alarm,alarm.xbif_,32,1250,50.0,0.0,0.0,-53961.414802607294,52,0.005
mcts,alarm,alarm.xbif_,32,1250,50.0,0.0,0.0,-53961.414802607294,53,0.007
mcts,alarm,alarm.xbif_,32,1250,50.0,0.0,0.0,-53961.414802607294,54,0.004
mcts,alarm,alarm.xbif_,32,1250,50.0,0.0,0.0,-53961.414802607294,55,0.01
mcts,alarm,alarm.xbif_,32,1250,50.0,0.0,0.0,-53961.414802607294,56,0.009
mcts,alarm,alarm.xbif_,32,1250,50.0,0.0,0.0,-53961.414802607294,57,0.006
mcts,alarm,alarm.xbif_,32,1250,50.0,0.0,0.0,-53961.414802607294,58,0.008
mcts,alarm,alarm.xbif_,32,1250,50.0,0.0,0.0,-53961.414802607294,59,0.009
mcts,alarm,alarm.xbif_,32,1250,50.0,0.0,0.0,-53961.414802607294,60,0.011
mcts,alarm,alarm.xbif_,32,1250,50.0,0.0,0.0,-53961.414802607294,61,0.013
mcts,alarm,alarm.xbif_,32,1250,50.0,0.0,0.0,-53961.414802607294,62,0.01
mcts,alarm,alarm.xbif_,32,1250,50.0,0.0,0.0,-53961.414802607294,63,0.01
mcts,alarm,alarm.xbif_,32,1250,50.0,0.0,0.0,-53961.414802607294,64,0.006
mcts,alarm,alarm.xbif_,32,1250,50.0,0.0,0.0,-53961.414802607294,65,0.008
mcts,alarm,alarm.xbif_,32,1250,50.0,0.0,0.0,-53961.414802607294,66,0.004
mcts,alarm,alarm.xbif_,32,1250,50.0,0.0,0.0,-53961.414802607294,67,0.007
mcts,alarm,alarm.xbif_,32,1250,50.0,0.0,0.0,-53961.414802607294,68,0.005
mcts,alarm,alarm.xbif_,32,1250,50.0,0.0,0.0,-53961.414802607294,69,0.007
mcts,alarm,alarm.xbif_,32,1250,50.0,0.0,0.0,-53961.414802607294,70,0.007
mcts,alarm,alarm.xbif_,32,1250,50.0,0.0,0.0,-53961.414802607294,71,0.005
mcts,alarm,alarm.xbif_,32,1250,50.0,0.0,0.0,-53961.414802607294,72,0.014
mcts,alarm,alarm.xbif_,32,1250,50.0,0.0,0.0,-53961.414802607294,73,0.007
mcts,alarm,alarm.xbif_,32,1250,50.0,0.0,0.0,-53961.414802607294,74,0.006
mcts,alarm,alarm.xbif_,32,1250,50.0,0.0,0.0,-53961.414802607294,75,0.007
mcts,alarm,alarm.xbif_,32,1250,50.0,0.0,0.0,-53961.414802607294,76,0.007
mcts,alarm,alarm.xbif_,32,1250,50.0,0.0,0.0,-53961.414802607294,77,0.006
mcts,alarm,alarm.xbif_,32,1250,50.0,0.0,0.0,-53961.414802607294,78,0.006
mcts,alarm,alarm.xbif_,32,1250,50.0,0.0,0.0,-53961.414802607294,79,0.006
mcts,alarm,alarm.xbif_,32,1250,50.0,0.0,0.0,-53961.414802607294,80,0.006
mcts,alarm,alarm.xbif_,32,1250,50.0,0.0,0.0,-53961.414802607294,81,0.005
mcts,alarm,alarm.xbif_,32,1250,50.0,0.0,0.0,-53961.414802607294,82,0.007
mcts,alarm,alarm.xbif_,32,1250,50.0,0.0,0.0,-53961.414802607294,83,0.006
mcts,alarm,alarm.xbif_,32,1250,50.0,0.0,0.0,-53961.414802607294,84,0.006
mcts,alarm,alarm.xbif_,32,1250,50.0,0.0,0.0,-53961.414802607294,85,0.007
mcts,alarm,alarm.xbif_,32,1250,50.0,0.0,0.0,-53961.414802607294,86,0.009
mcts,alarm,alarm.xbif_,32,1250,50.0,0.0,0.0,-53961.414802607294,87,0.007
mcts,alarm,alarm.xbif_,32,1250,50.0,0.0,0.0,-53961.414802607294,88,0.013
mcts,alarm,alarm.xbif_,32,1250,50.0,0.0,0.0,-53961.414802607294,89,0.005
mcts,alarm,alarm.xbif_,32,1250,50.0,0.0,0.0,-53961.414802607294,90,0.007
mcts,alarm,alarm.xbif_,32,1250,50.0,0.0,0.0,-53961.414802607294,91,0.009
mcts,alarm,alarm.xbif_,32,1250,50.0,0.0,0.0,-53961.414802607294,92,0.012
mcts,alarm,alarm.xbif_,32,1250,50.0,0.0,0.0,-53961.414802607294,93,0.007
mcts,alarm,alarm.xbif_,32,1250,50.0,0.0,0.0,-53961.414802607294,94,0.009
mcts,alarm,alarm.xbif_,32,1250,50.0,0.0,0.0,-53961.414802607294,95,0.006
mcts,alarm,alarm.xbif_,32,1250,50.0,0.0,0.0,-53961.414802607294,96,0.007
mcts,alarm,alarm.xbif_,32,1250,50.0,0.0,0.0,-53961.414802607294,97,0.005
mcts,alarm,alarm.xbif_,32,1250,50.0,0.0,0.0,-53961.414802607294,98,0.006
mcts,alarm,alarm.xbif_,32,1250,50.0,0.0,0.0,-53961.414802607294,99,0.008
mcts,alarm,alarm.xbif_,32,1250,50.0,0.0,0.0,-53961.414802607294,100,0.006
mcts,alarm,alarm.xbif_,32,1250,50.0,0.0,0.0,-53961.414802607294,101,0.008
mcts,alarm,alarm.xbif_,32,1250,50.0,0.0,0.0,-53961.414802607294,102,0.009
mcts,alarm,alarm.xbif_,32,1250,50.0,0.0,0.0,-53961.414802607294,103,0.006
mcts,alarm,alarm.xbif_,32,1250,50.0,0.0,0.0,-53961.414802607294,104,0.006
mcts,alarm,alarm.xbif_,32,1250,50.0,0.0,0.0,-53961.414802607294,105,0.009
mcts,alarm,alarm.xbif_,32,1250,50.0,0.0,0.0,-53961.414802607294,106,0.006
mcts,alarm,alarm.xbif_,32,1250,50.0,0.0,0.0,-53961.414802607294,107,0.007
mcts,alarm,alarm.xbif_,32,1250,50.0,0.0,0.0,-53961.414802607294,108,0.005
mcts,alarm,alarm.xbif_,32,1250,50.0,0.0,0.0,-53961.414802607294,109,0.005
mcts,alarm,alarm.xbif_,32,1250,50.0,0.0,0.0,-53961.414802607294,110,0.005
mcts,alarm,alarm.xbif_,32,1250,50.0,0.0,0.0,-53961.414802607294,111,0.006
mcts,alarm,alarm.xbif_,32,1250,50.0,0.0,0.0,-53961.414802607294,112,0.007
mcts,alarm,alarm.xbif_,32,1250,50.0,0.0,0.0,-53961.414802607294,113,0.004
mcts,alarm,alarm.xbif_,32,1250,50.0,0.0,0.0,-53961.414802607294,114,0.007
mcts,alarm,alarm.xbif_,32,1250,50.0,0.0,0.0,-53961.414802607294,115,0.005
mcts,alarm,alarm.xbif_,32,1250,50.0,0.0,0.0,-53961.414802607294,116,0.006
mcts,alarm,alarm.xbif_,32,1250,50.0,0.0,0.0,-53961.414802607294,117,0.009
mcts,alarm,alarm.xbif_,32,1250,50.0,0.0,0.0,-53961.414802607294,118,0.005
mcts,alarm,alarm.xbif_,32,1250,50.0,0.0,0.0,-53961.414802607294,119,0.008
mcts,alarm,alarm.xbif_,32,1250,50.0,0.0,0.0,-53961.414802607294,120,0.008
mcts,alarm,alarm.xbif_,32,1250,50.0,0.0,0.0,-53961.414802607294,121,0.004
mcts,alarm,alarm.xbif_,32,1250,50.0,0.0,0.0,-53961.414802607294,122,0.005
mcts,alarm,alarm.xbif_,32,1250,50.0,0.0,0.0,-53961.414802607294,123,0.009
mcts,alarm,alarm.xbif_,32,1250,50.0,0.0,0.0,-53961.414802607294,124,0.005
mcts,alarm,alarm.xbif_,32,1250,50.0,0.0,0.0,-53961.414802607294,125,0.004
mcts,alarm,alarm.xbif_,32,1250,50.0,0.0,0.0,-53961.414802607294,126,0.011
mcts,alarm,alarm.xbif_,32,1250,50.0,0.0,0.0,-53961.414802607294,127,0.007
mcts,alarm,alarm.xbif_,32,1250,50.0,0.0,0.0,-53961.414802607294,128,0.008
mcts,alarm,alarm.xbif_,32,1250,50.0,0.0,0.0,-53961.414802607294,129,0.007
mcts,alarm,alarm.xbif_,32,1250,50.0,0.0,0.0,-53961.414802607294,130,0.011
mcts,alarm,alarm.xbif_,32,1250,50.0,0.0,0.0,-53961.414802607294,131,0.006
mcts,alarm,alarm.xbif_,32,1250,50.0,0.0,0.0,-53961.414802607294,132,0.005
mcts,alarm,alarm.xbif_,32,1250,50.0,0.0,0.0,-53961.414802607294,133,0.005
mcts,alarm,alarm.xbif_,32,1250,50.0,0.0,0.0,-53961.414802607294,134,0.007
mcts,alarm,alarm.xbif_,32,1250,50.0,0.0,0.0,-53961.414802607294,135,0.007
mcts,alarm,alarm.xbif_,32,1250,50.0,0.0,0.0,-53961.414802607294,136,0.004
mcts,alarm,alarm.xbif_,32,1250,50.0,0.0,0.0,-53961.414802607294,137,0.004
mcts,alarm,alarm.xbif_,32,1250,50.0,0.0,0.0,-53961.414802607294,138,0.006
mcts,alarm,alarm.xbif_,32,1250,50.0,0.0,0.0,-53961.414802607294,139,0.005
mcts,alarm,alarm.xbif_,32,1250,50.0,0.0,0.0,-53961.414802607294,140,0.005
mcts,alarm,alarm.xbif_,32,1250,50.0,0.0,0.0,-53961.414802607294,141,0.007
mcts,alarm,alarm.xbif_,32,1250,50.0,0.0,0.0,-53961.414802607294,142,0.012
mcts,alarm,alarm.xbif_,32,1250,50.0,0.0,0.0,-53961.414802607294,143,0.008
mcts,alarm,alarm.xbif_,32,1250,50.0,0.0,0.0,-53961.414802607294,144,0.005
mcts,alarm,alarm.xbif_,32,1250,50.0,0.0,0.0,-53961.414802607294,145,0.005
mcts,alarm,alarm.xbif_,32,1250,50.0,0.0,0.0,-53961.414802607294,146,0.013
mcts,alarm,alarm.xbif_,32,1250,50.0,0.0,0.0,-53961.414802607294,147,0.006
mcts,alarm,alarm.xbif_,32,1250,50.0,0.0,0.0,-53961.414802607294,148,0.007
mcts,alarm,alarm.xbif_,32,1250,50.0,0.0,0.0,-53961.414802607294,149,0.006
mcts,alarm,alarm.xbif_,32,1250,50.0,0.0,0.0,-53961.414802607294,150,0.005
mcts,alarm,alarm.xbif_,32,1250,50.0,0.0,0.0,-53961.414802607294,151,0.005
mcts,alarm,alarm.xbif_,32,1250,50.0,0.0,0.0,-53961.414802607294,152,0.007
mcts,alarm,alarm.xbif_,32,1250,50.0,0.0,0.0,-53961.414802607294,153,0.006
mcts,alarm,alarm.xbif_,32,1250,50.0,0.0,0.0,-53961.414802607294,154,0.007
mcts,alarm,alarm.xbif_,32,1250,50.0,0.0,0.0,-53961.414802607294,155,0.006
mcts,alarm,alarm.xbif_,32,1250,50.0,0.0,0.0,-53961.414802607294,156,0.008
mcts,alarm,alarm.xbif_,32,1250,50.0,0.0,0.0,-53961.414802607294,157,0.009
mcts,alarm,alarm.xbif_,32,1250,50.0,0.0,0.0,-53961.414802607294,158,0.006
mcts,alarm,alarm.xbif_,32,1250,50.0,0.0,0.0,-53961.414802607294,159,0.014
mcts,alarm,alarm.xbif_,32,1250,50.0,0.0,0.0,-53961.414802607294,160,0.007
mcts,alarm,alarm.xbif_,32,1250,50.0,0.0,0.0,-53961.414802607294,161,0.012
mcts,alarm,alarm.xbif_,32,1250,50.0,0.0,0.0,-53961.414802607294,162,0.006
mcts,alarm,alarm.xbif_,32,1250,50.0,0.0,0.0,-53961.414802607294,163,0.007
mcts,alarm,alarm.xbif_,32,1250,50.0,0.0,0.0,-53961.414802607294,164,0.006
mcts,alarm,alarm.xbif_,32,1250,50.0,0.0,0.0,-53961.414802607294,165,0.006
mcts,alarm,alarm.xbif_,32,1250,50.0,0.0,0.0,-53961.414802607294,166,0.005
mcts,alarm,alarm.xbif_,32,1250,50.0,0.0,0.0,-53961.414802607294,167,0.005
mcts,alarm,alarm.xbif_,32,1250,50.0,0.0,0.0,-53961.414802607294,168,0.007
mcts,alarm,alarm.xbif_,32,1250,50.0,0.0,0.0,-53961.414802607294,169,0.004
mcts,alarm,alarm.xbif_,32,1250,50.0,0.0,0.0,-53961.414802607294,170,0.005
mcts,alarm,alarm.xbif_,32,1250,50.0,0.0,0.0,-53961.414802607294,171,0.003
mcts,alarm,alarm.xbif_,32,1250,50.0,0.0,0.0,-53961.414802607294,172,0.006
mcts,alarm,alarm.xbif_,32,1250,50.0,0.0,0.0,-53961.414802607294,173,0.003
mcts,alarm,alarm.xbif_,32,1250,50.0,0.0,0.0,-53961.414802607294,174,0.008
mcts,alarm,alarm.xbif_,32,1250,50.0,0.0,0.0,-53961.414802607294,175,0.009
mcts,alarm,alarm.xbif_,32,1250,50.0,0.0,0.0,-53961.414802607294,176,0.006
mcts,alarm,alarm.xbif_,32,1250,50.0,0.0,0.0,-53961.414802607294,177,0.007
mcts,alarm,alarm.xbif_,32,1250,50.0,0.0,0.0,-53961.414802607294,178,0.009
mcts,alarm,alarm.xbif_,32,1250,50.0,0.0,0.0,-53961.414802607294,179,0.006
mcts,alarm,alarm.xbif_,32,1250,50.0,0.0,0.0,-53961.414802607294,180,0.005
mcts,alarm,alarm.xbif_,32,1250,50.0,0.0,0.0,-53961.414802607294,181,0.004
mcts,alarm,alarm.xbif_,32,1250,50.0,0.0,0.0,-53961.414802607294,182,0.011
mcts,alarm,alarm.xbif_,32,1250,50.0,0.0,0.0,-53961.414802607294,183,0.005
mcts,alarm,alarm.xbif_,32,1250,50.0,0.0,0.0,-53961.414802607294,184,0.005
mcts,alarm,alarm.xbif_,32,1250,50.0,0.0,0.0,-53961.414802607294,185,0.004
mcts,alarm,alarm.xbif_,32,1250,50.0,0.0,0.0,-53961.414802607294,186,0.011
mcts,alarm,alarm.xbif_,32,1250,50.0,0.0,0.0,-53961.414802607294,187,0.007
mcts,alarm,alarm.xbif_,32,1250,50.0,0.0,0.0,-53961.414802607294,188,0.015
mcts,alarm,alarm.xbif_,32,1250,50.0,0.0,0.0,-53961.414802607294,189,0.004
mcts,alarm,alarm.xbif_,32,1250,50.0,0.0,0.0,-53961.414802607294,190,0.009
mcts,alarm,alarm.xbif_,32,1250,50.0,0.0,0.0,-53961.414802607294,191,0.005
mcts,alarm,alarm.xbif_,32,1250,50.0,0.0,0.0,-53961.414802607294,192,0.006
mcts,alarm,alarm.xbif_,32,1250,50.0,0.0,0.0,-53961.414802607294,193,0.005
mcts,alarm,alarm.xbif_,32,1250,50.0,0.0,0.0,-53961.414802607294,194,0.008
mcts,alarm,alarm.xbif_,32,1250,50.0,0.0,0.0,-53961.414802607294,195,0.003
mcts,alarm,alarm.xbif_,32,1250,50.0,0.0,0.0,-53961.414802607294,196,0.005
mcts,alarm,alarm.xbif_,32,1250,50.0,0.0,0.0,-53961.414802607294,197,0.006
mcts,alarm,alarm.xbif_,32,1250,50.0,0.0,0.0,-53961.414802607294,198,0.005
mcts,alarm,alarm.xbif_,32,1250,50.0,0.0,0.0,-53961.414802607294,199,0.006
mcts,alarm,alarm.xbif_,32,1250,50.0,0.0,0.0,-53961.414802607294,200,0.006
mcts,alarm,alarm.xbif_,32,1250,50.0,0.0,0.0,-53961.414802607294,201,0.006
mcts,alarm,alarm.xbif_,32,1250,50.0,0.0,0.0,-53961.414802607294,202,0.005
mcts,alarm,alarm.xbif_,32,1250,50.0,0.0,0.0,-53961.414802607294,203,0.004
mcts,alarm,alarm.xbif_,32,1250,50.0,0.0,0.0,-53961.414802607294,204,0.004
mcts,alarm,alarm.xbif_,32,1250,50.0,0.0,0.0,-53961.414802607294,205,0.005
mcts,alarm,alarm.xbif_,32,1250,50.0,0.0,0.0,-53961.414802607294,206,0.006
mcts,alarm,alarm.xbif_,32,1250,50.0,0.0,0.0,-53961.414802607294,207,0.008
mcts,alarm,alarm.xbif_,32,1250,50.0,0.0,0.0,-53961.414802607294,208,0.004
mcts,alarm,alarm.xbif_,32,1250,50.0,0.0,0.0,-53961.414802607294,209,0.007
mcts,alarm,alarm.xbif_,32,1250,50.0,0.0,0.0,-53961.414802607294,210,0.004
mcts,alarm,alarm.xbif_,32,1250,50.0,0.0,0.0,-53961.414802607294,211,0.006
mcts,alarm,alarm.xbif_,32,1250,50.0,0.0,0.0,-53961.414802607294,212,0.007
mcts,alarm,alarm.xbif_,32,1250,50.0,0.0,0.0,-53961.414802607294,213,0.006
mcts,alarm,alarm.xbif_,32,1250,50.0,0.0,0.0,-53961.414802607294,214,0.005
mcts,alarm,alarm.xbif_,32,1250,50.0,0.0,0.0,-53961.414802607294,215,0.006
mcts,alarm,alarm.xbif_,32,1250,50.0,0.0,0.0,-53961.414802607294,216,0.006
mcts,alarm,alarm.xbif_,32,1250,50.0,0.0,0.0,-53961.414802607294,217,0.005
mcts,alarm,alarm.xbif_,32,1250,50.0,0.0,0.0,-53961.414802607294,218,0.004
mcts,alarm,alarm.xbif_,32,1250,50.0,0.0,0.0,-53961.414802607294,219,0.008
mcts,alarm,alarm.xbif_,32,1250,50.0,0.0,0.0,-53961.414802607294,220,0.005
mcts,alarm,alarm.xbif_,32,1250,50.0,0.0,0.0,-53961.414802607294,221,0.006
mcts,alarm,alarm.xbif_,32,1250,50.0,0.0,0.0,-53961.414802607294,222,0.006
mcts,alarm,alarm.xbif_,32,1250,50.0,0.0,0.0,-53961.414802607294,223,0.006
mcts,alarm,alarm.xbif_,32,1250,50.0,0.0,0.0,-53961.414802607294,224,0.011
mcts,alarm,alarm.xbif_,32,1250,50.0,0.0,0.0,-53961.414802607294,225,0.004
mcts,alarm,alarm.xbif_,32,1250,50.0,0.0,0.0,-53961.414802607294,226,0.007
mcts,alarm,alarm.xbif_,32,1250,50.0,0.0,0.0,-53961.414802607294,227,0.007
mcts,alarm,alarm.xbif_,32,1250,50.0,0.0,0.0,-53961.414802607294,228,0.005
mcts,alarm,alarm.xbif_,32,1250,50.0,0.0,0.0,-53961.414802607294,229,0.008
mcts,alarm,alarm.xbif_,32,1250,50.0,0.0,0.0,-53961.414802607294,230,0.004
mcts,alarm,alarm.xbif_,32,1250,50.0,0.0,0.0,-53961.414802607294,231,0.006
mcts,alarm,alarm.xbif_,32,1250,50.0,0.0,0.0,-53961.414802607294,232,0.004
mcts,alarm,alarm.xbif_,32,1250,50.0,0.0,0.0,-53961.414802607294,233,0.009
mcts,alarm,alarm.xbif_,32,1250,50.0,0.0,0.0,-53961.414802607294,234,0.005
mcts,alarm,alarm.xbif_,32,1250,50.0,0.0,0.0,-53961.414802607294,235,0.005
mcts,alarm,alarm.xbif_,32,1250,50.0,0.0,0.0,-53961.414802607294,236,0.006
mcts,alarm,alarm.xbif_,32,1250,50.0,0.0,0.0,-53961.414802607294,237,0.007
mcts,alarm,alarm.xbif_,32,1250,50.0,0.0,0.0,-53961.414802607294,238,0.004
mcts,alarm,alarm.xbif_,32,1250,50.0,0.0,0.0,-53961.414802607294,239,0.003
mcts,alarm,alarm.xbif_,32,1250,50.0,0.0,0.0,-53961.414802607294,240,0.006
mcts,alarm,alarm.xbif_,32,1250,50.0,0.0,0.0,-53961.414802607294,241,0.004
mcts,alarm,alarm.xbif_,32,1250,50.0,0.0,0.0,-53961.414802607294,242,0.003
mcts,alarm,alarm.xbif_,32,1250,50.0,0.0,0.0,-53961.414802607294,243,0.005
mcts,alarm,alarm.xbif_,32,1250,50.0,0.0,0.0,-53961.414802607294,244,0.005
mcts,alarm,alarm.xbif_,32,1250,50.0,0.0,0.0,-53961.414802607294,245,0.004
mcts,alarm,alarm.xbif_,32,1250,50.0,0.0,0.0,-53961.414802607294,246,0.009
mcts,alarm,alarm.xbif_,32,1250,50.0,0.0,0.0,-53961.414802607294,247,0.006
mcts,alarm,alarm.xbif_,32,1250,50.0,0.0,0.0,-53961.414802607294,248,0.005
mcts,alarm,alarm.xbif_,32,1250,50.0,0.0,0.0,-53961.414802607294,249,0.006
mcts,alarm,alarm.xbif_,32,1250,50.0,0.0,0.0,-53961.414802607294,250,0.008
mcts,alarm,alarm.xbif_,32,1250,50.0,0.0,0.0,-53961.414802607294,251,0.007
mcts,alarm,alarm.xbif_,32,1250,50.0,0.0,0.0,-53961.414802607294,252,0.005
mcts,alarm,alarm.xbif_,32,1250,50.0,0.0,0.0,-53961.414802607294,253,0.013
mcts,alarm,alarm.xbif_,32,1250,50.0,0.0,0.0,-53961.414802607294,254,0.007
mcts,alarm,alarm.xbif_,32,1250,50.0,0.0,0.0,-53961.414802607294,255,0.006
mcts,alarm,alarm.xbif_,32,1250,50.0,0.0,0.0,-53961.414802607294,256,0.006
mcts,alarm,alarm.xbif_,32,1250,50.0,0.0,0.0,-53961.414802607294,257,0.007
mcts,alarm,alarm.xbif_,32,1250,50.0,0.0,0.0,-53961.414802607294,258,0.005
mcts,alarm,alarm.xbif_,32,1250,50.0,0.0,0.0,-53961.414802607294,259,0.005
mcts,alarm,alarm.xbif_,32,1250,50.0,0.0,0.0,-53961.414802607294,260,0.005
mcts,alarm,alarm.xbif_,32,1250,50.0,0.0,0.0,-53961.414802607294,261,0.006
mcts,alarm,alarm.xbif_,32,1250,50.0,0.0,0.0,-53961.414802607294,262,0.005
mcts,alarm,alarm.xbif_,32,1250,50.0,0.0,0.0,-53961.414802607294,263,0.005
mcts,alarm,alarm.xbif_,32,1250,50.0,0.0,0.0,-53961.414802607294,264,0.005
mcts,alarm,alarm.xbif_,32,1250,50.0,0.0,0.0,-53961.414802607294,265,0.009
mcts,alarm,alarm.xbif_,32,1250,50.0,0.0,0.0,-53961.414802607294,266,0.005
mcts,alarm,alarm.xbif_,32,1250,50.0,0.0,0.0,-53961.414802607294,267,0.005
mcts,alarm,alarm.xbif_,32,1250,50.0,0.0,0.0,-53961.414802607294,268,0.005
mcts,alarm,alarm.xbif_,32,1250,50.0,0.0,0.0,-53961.414802607294,269,0.005
mcts,alarm,alarm.xbif_,32,1250,50.0,0.0,0.0,-53961.414802607294,270,0.004
mcts,alarm,alarm.xbif_,32,1250,50.0,0.0,0.0,-53961.414802607294,271,0.004
mcts,alarm,alarm.xbif_,32,1250,50.0,0.0,0.0,-53961.414802607294,272,0.005
mcts,alarm,alarm.xbif_,32,1250,50.0,0.0,0.0,-53961.414802607294,273,0.006
mcts,alarm,alarm.xbif_,32,1250,50.0,0.0,0.0,-53961.414802607294,274,0.006
mcts,alarm,alarm.xbif_,32,1250,50.0,0.0,0.0,-53961.414802607294,275,0.005
mcts,alarm,alarm.xbif_,32,1250,50.0,0.0,0.0,-53961.414802607294,276,0.005
mcts,alarm,alarm.xbif_,32,1250,50.0,0.0,0.0,-53961.414802607294,277,0.003
mcts,alarm,alarm.xbif_,32,1250,50.0,0.0,0.0,-53961.414802607294,278,0.006
mcts,alarm,alarm.xbif_,32,1250,50.0,0.0,0.0,-53961.414802607294,279,0.009
mcts,alarm,alarm.xbif_,32,1250,50.0,0.0,0.0,-53961.414802607294,280,0.007
mcts,alarm,alarm.xbif_,32,1250,50.0,0.0,0.0,-53961.414802607294,281,0.005
mcts,alarm,alarm.xbif_,32,1250,50.0,0.0,0.0,-53961.414802607294,282,0.004
mcts,alarm,alarm.xbif_,32,1250,50.0,0.0,0.0,-53961.414802607294,283,0.007
mcts,alarm,alarm.xbif_,32,1250,50.0,0.0,0.0,-53961.414802607294,284,0.006
mcts,alarm,alarm.xbif_,32,1250,50.0,0.0,0.0,-53961.414802607294,285,0.005
mcts,alarm,alarm.xbif_,32,1250,50.0,0.0,0.0,-53961.414802607294,286,0.005
mcts,alarm,alarm.xbif_,32,1250,50.0,0.0,0.0,-53961.414802607294,287,0.008
mcts,alarm,alarm.xbif_,32,1250,50.0,0.0,0.0,-53961.414802607294,288,0.007
mcts,alarm,alarm.xbif_,32,1250,50.0,0.0,0.0,-53961.414802607294,289,0.007
mcts,alarm,alarm.xbif_,32,1250,50.0,0.0,0.0,-53961.414802607294,290,0.004
mcts,alarm,alarm.xbif_,32,1250,50.0,0.0,0.0,-53961.414802607294,291,0.008
mcts,alarm,alarm.xbif_,32,1250,50.0,0.0,0.0,-53961.414802607294,292,0.007
mcts,alarm,alarm.xbif_,32,1250,50.0,0.0,0.0,-53961.414802607294,293,0.007
mcts,alarm,alarm.xbif_,32,1250,50.0,0.0,0.0,-53961.414802607294,294,0.008
mcts,alarm,alarm.xbif_,32,1250,50.0,0.0,0.0,-53961.414802607294,295,0.006
mcts,alarm,alarm.xbif_,32,1250,50.0,0.0,0.0,-53961.414802607294,296,0.005
mcts,alarm,alarm.xbif_,32,1250,50.0,0.0,0.0,-53961.414802607294,297,0.013
mcts,alarm,alarm.xbif_,32,1250,50.0,0.0,0.0,-53961.414802607294,298,0.007
mcts,alarm,alarm.xbif_,32,1250,50.0,0.0,0.0,-53961.414802607294,299,0.005
mcts,alarm,alarm.xbif_,32,1250,50.0,0.0,0.0,-53961.414802607294,300,0.011
mcts,alarm,alarm.xbif_,32,1250,50.0,0.0,0.0,-53961.414802607294,301,0.004
mcts,alarm,alarm.xbif_,32,1250,50.0,0.0,0.0,-53961.414802607294,302,0.006
mcts,alarm,alarm.xbif_,32,1250,50.0,0.0,0.0,-53961.414802607294,303,0.007
mcts,alarm,alarm.xbif_,32,1250,50.0,0.0,0.0,-53961.414802607294,304,0.011
mcts,alarm,alarm.xbif_,32,1250,50.0,0.0,0.0,-53961.414802607294,305,0.005
mcts,alarm,alarm.xbif_,32,1250,50.0,0.0,0.0,-53961.414802607294,306,0.01
mcts,alarm,alarm.xbif_,32,1250,50.0,0.0,0.0,-53961.414802607294,307,0.005
mcts,alarm,alarm.xbif_,32,1250,50.0,0.0,0.0,-53961.414802607294,308,0.006
mcts,alarm,alarm.xbif_,32,1250,50.0,0.0,0.0,-53961.414802607294,309,0.005
mcts,alarm,alarm.xbif_,32,1250,50.0,0.0,0.0,-53961.414802607294,310,0.004
mcts,alarm,alarm.xbif_,32,1250,50.0,0.0,0.0,-53961.414802607294,311,0.005
mcts,alarm,alarm.xbif_,32,1250,50.0,0.0,0.0,-53961.414802607294,312,0.005
mcts,alarm,alarm.xbif_,32,1250,50.0,0.0,0.0,-53961.414802607294,313,0.005
mcts,alarm,alarm.xbif_,32,1250,50.0,0.0,0.0,-53961.414802607294,314,0.005
mcts,alarm,alarm.xbif_,32,1250,50.0,0.0,0.0,-53961.414802607294,315,0.005
mcts,alarm,alarm.xbif_,32,1250,50.0,0.0,0.0,-53961.414802607294,316,0.005
mcts,alarm,alarm.xbif_,32,1250,50.0,0.0,0.0,-53961.414802607294,317,0.005
mcts,alarm,alarm.xbif_,32,1250,50.0,0.0,0.0,-53961.414802607294,318,0.006
mcts,alarm,alarm.xbif_,32,1250,50.0,0.0,0.0,-53961.414802607294,319,0.003
mcts,alarm,alarm.xbif_,32,1250,50.0,0.0,0.0,-53961.414802607294,320,0.004
mcts,alarm,alarm.xbif_,32,1250,50.0,0.0,0.0,-53961.414802607294,321,0.004
mcts,alarm,alarm.xbif_,32,1250,50.0,0.0,0.0,-53961.414802607294,322,0.004
mcts,alarm,alarm.xbif_,32,1250,50.0,0.0,0.0,-53961.414802607294,323,0.007
mcts,alarm,alarm.xbif_,32,1250,50.0,0.0,0.0,-53961.414802607294,324,0.004
mcts,alarm,alarm.xbif_,32,1250,50.0,0.0,0.0,-53961.414802607294,325,0.004
mcts,alarm,alarm.xbif_,32,1250,50.0,0.0,0.0,-53961.414802607294,326,0.005
mcts,alarm,alarm.xbif_,32,1250,50.0,0.0,0.0,-53961.414802607294,327,0.005
mcts,alarm,alarm.xbif_,32,1250,50.0,0.0,0.0,-53961.414802607294,328,0.005
mcts,alarm,alarm.xbif_,32,1250,50.0,0.0,0.0,-53961.414802607294,329,0.005
mcts,alarm,alarm.xbif_,32,1250,50.0,0.0,0.0,-53961.414802607294,330,0.005
mcts,alarm,alarm.xbif_,32,1250,50.0,0.0,0.0,-53961.414802607294,331,0.009
mcts,alarm,alarm.xbif_,32,1250,50.0,0.0,0.0,-53961.414802607294,332,0.007
mcts,alarm,alarm.xbif_,32,1250,50.0,0.0,0.0,-53961.414802607294,333,0.007
mcts,alarm,alarm.xbif_,32,1250,50.0,0.0,0.0,-53961.414802607294,334,0.004
mcts,alarm,alarm.xbif_,32,1250,50.0,0.0,0.0,-53961.414802607294,335,0.005
mcts,alarm,alarm.xbif_,32,1250,50.0,0.0,0.0,-53961.414802607294,336,0.011
mcts,alarm,alarm.xbif_,32,1250,50.0,0.0,0.0,-53961.414802607294,337,0.006
mcts,alarm,alarm.xbif_,32,1250,50.0,0.0,0.0,-53961.414802607294,338,0.009
mcts,alarm,alarm.xbif_,32,1250,50.0,0.0,0.0,-53961.414802607294,339,0.006
mcts,alarm,alarm.xbif_,32,1250,50.0,0.0,0.0,-53961.414802607294,340,0.006
mcts,alarm,alarm.xbif_,32,1250,50.0,0.0,0.0,-53961.414802607294,341,0.005
mcts,alarm,alarm.xbif_,32,1250,50.0,0.0,0.0,-53961.414802607294,342,0.008
mcts,alarm,alarm.xbif_,32,1250,50.0,0.0,0.0,-53961.414802607294,343,0.006
mcts,alarm,alarm.xbif_,32,1250,50.0,0.0,0.0,-53961.414802607294,344,0.006
mcts,alarm,alarm.xbif_,32,1250,50.0,0.0,0.0,-53961.414802607294,345,0.006
mcts,alarm,alarm.xbif_,32,1250,50.0,0.0,0.0,-53961.414802607294,346,0.008
mcts,alarm,alarm.xbif_,32,1250,50.0,0.0,0.0,-53961.414802607294,347,0.005
mcts,alarm,alarm.xbif_,32,1250,50.0,0.0,0.0,-53961.414802607294,348,0.008
mcts,alarm,alarm.xbif_,32,1250,50.0,0.0,0.0,-53961.414802607294,349,0.006
mcts,alarm,alarm.xbif_,32,1250,50.0,0.0,0.0,-53961.414802607294,350,0.004
mcts,alarm,alarm.xbif_,32,1250,50.0,0.0,0.0,-53961.414802607294,351,0.005
mcts,alarm,alarm.xbif_,32,1250,50.0,0.0,0.0,-53961.414802607294,352,0.007
mcts,alarm,alarm.xbif_,32,1250,50.0,0.0,0.0,-53961.414802607294,353,0.005
mcts,alarm,alarm.xbif_,32,1250,50.0,0.0,0.0,-53961.414802607294,354,0.004
mcts,alarm,alarm.xbif_,32,1250,50.0,0.0,0.0,-53961.414802607294,355,0.005
mcts,alarm,alarm.xbif_,32,1250,50.0,0.0,0.0,-53961.414802607294,356,0.003
mcts,alarm,alarm.xbif_,32,1250,50.0,0.0,0.0,-53961.414802607294,357,0.009
mcts,alarm,alarm.xbif_,32,1250,50.0,0.0,0.0,-53961.414802607294,358,0.006
mcts,alarm,alarm.xbif_,32,1250,50.0,0.0,0.0,-53961.414802607294,359,0.01
mcts,alarm,alarm.xbif_,32,1250,50.0,0.0,0.0,-53961.414802607294,360,0.005
mcts,alarm,alarm.xbif_,32,1250,50.0,0.0,0.0,-53961.414802607294,361,0.005
mcts,alarm,alarm.xbif_,32,1250,50.0,0.0,0.0,-53961.414802607294,362,0.011
mcts,alarm,alarm.xbif_,32,1250,50.0,0.0,0.0,-53961.414802607294,363,0.006
mcts,alarm,alarm.xbif_,32,1250,50.0,0.0,0.0,-53961.414802607294,364,0.006
mcts,alarm,alarm.xbif_,32,1250,50.0,0.0,0.0,-53961.414802607294,365,0.007
mcts,alarm,alarm.xbif_,32,1250,50.0,0.0,0.0,-53961.414802607294,366,0.005
mcts,alarm,alarm.xbif_,32,1250,50.0,0.0,0.0,-53961.414802607294,367,0.005
mcts,alarm,alarm.xbif_,32,1250,50.0,0.0,0.0,-53961.414802607294,368,0.006
mcts,alarm,alarm.xbif_,32,1250,50.0,0.0,0.0,-53961.414802607294,369,0.006
mcts,alarm,alarm.xbif_,32,1250,50.0,0.0,0.0,-53961.414802607294,370,0.006
mcts,alarm,alarm.xbif_,32,1250,50.0,0.0,0.0,-53961.414802607294,371,0.005
mcts,alarm,alarm.xbif_,32,1250,50.0,0.0,0.0,-53961.414802607294,372,0.004
mcts,alarm,alarm.xbif_,32,1250,50.0,0.0,0.0,-53961.414802607294,373,0.005
mcts,alarm,alarm.xbif_,32,1250,50.0,0.0,0.0,-53961.414802607294,374,0.007
mcts,alarm,alarm.xbif_,32,1250,50.0,0.0,0.0,-53961.414802607294,375,0.02
mcts,alarm,alarm.xbif_,32,1250,50.0,0.0,0.0,-53961.414802607294,376,0.007
mcts,alarm,alarm.xbif_,32,1250,50.0,0.0,0.0,-53961.414802607294,377,0.004
mcts,alarm,alarm.xbif_,32,1250,50.0,0.0,0.0,-53961.414802607294,378,0.008
mcts,alarm,alarm.xbif_,32,1250,50.0,0.0,0.0,-53961.414802607294,379,0.006
mcts,alarm,alarm.xbif_,32,1250,50.0,0.0,0.0,-53961.414802607294,380,0.006
mcts,alarm,alarm.xbif_,32,1250,50.0,0.0,0.0,-53961.414802607294,381,0.006
mcts,alarm,alarm.xbif_,32,1250,50.0,0.0,0.0,-53961.414802607294,382,0.008
mcts,alarm,alarm.xbif_,32,1250,50.0,0.0,0.0,-53961.414802607294,383,0.005
mcts,alarm,alarm.xbif_,32,1250,50.0,0.0,0.0,-53961.414802607294,384,0.007
mcts,alarm,alarm.xbif_,32,1250,50.0,0.0,0.0,-53961.414802607294,385,0.005
mcts,alarm,alarm.xbif_,32,1250,50.0,0.0,0.0,-53961.414802607294,386,0.006
mcts,alarm,alarm.xbif_,32,1250,50.0,0.0,0.0,-53961.414802607294,387,0.007
mcts,alarm,alarm.xbif_,32,1250,50.0,0.0,0.0,-53961.414802607294,388,0.005
mcts,alarm,alarm.xbif_,32,1250,50.0,0.0,0.0,-53961.414802607294,389,0.005
mcts,alarm,alarm.xbif_,32,1250,50.0,0.0,0.0,-53961.414802607294,390,0.009
mcts,alarm,alarm.xbif_,32,1250,50.0,0.0,0.0,-53961.414802607294,391,0.006
mcts,alarm,alarm.xbif_,32,1250,50.0,0.0,0.0,-53961.414802607294,392,0.006
mcts,alarm,alarm.xbif_,32,1250,50.0,0.0,0.0,-53961.414802607294,393,0.005
mcts,alarm,alarm.xbif_,32,1250,50.0,0.0,0.0,-53961.414802607294,394,0.004
mcts,alarm,alarm.xbif_,32,1250,50.0,0.0,0.0,-53961.414802607294,395,0.006
mcts,alarm,alarm.xbif_,32,1250,50.0,0.0,0.0,-53961.414802607294,396,0.004
mcts,alarm,alarm.xbif_,32,1250,50.0,0.0,0.0,-53961.414802607294,397,0.006
mcts,alarm,alarm.xbif_,32,1250,50.0,0.0,0.0,-53961.414802607294,398,0.005
mcts,alarm,alarm.xbif_,32,1250,50.0,0.0,0.0,-53961.414802607294,399,0.004
mcts,alarm,alarm.xbif_,32,1250,50.0,0.0,0.0,-53961.414802607294,400,0.005
mcts,alarm,alarm.xbif_,32,1250,50.0,0.0,0.0,-53961.414802607294,401,0.008
mcts,alarm,alarm.xbif_,32,1250,50.0,0.0,0.0,-53961.414802607294,402,0.007
mcts,alarm,alarm.xbif_,32,1250,50.0,0.0,0.0,-53961.414802607294,403,0.005
mcts,alarm,alarm.xbif_,32,1250,50.0,0.0,0.0,-53961.414802607294,404,0.009
mcts,alarm,alarm.xbif_,32,1250,50.0,0.0,0.0,-53961.414802607294,405,0.006
mcts,alarm,alarm.xbif_,32,1250,50.0,0.0,0.0,-53961.414802607294,406,0.004
mcts,alarm,alarm.xbif_,32,1250,50.0,0.0,0.0,-53961.414802607294,407,0.006
mcts,alarm,alarm.xbif_,32,1250,50.0,0.0,0.0,-53961.414802607294,408,0.008
mcts,alarm,alarm.xbif_,32,1250,50.0,0.0,0.0,-53961.414802607294,409,0.005
mcts,alarm,alarm.xbif_,32,1250,50.0,0.0,0.0,-53961.414802607294,410,0.005
mcts,alarm,alarm.xbif_,32,1250,50.0,0.0,0.0,-53961.414802607294,411,0.008
mcts,alarm,alarm.xbif_,32,1250,50.0,0.0,0.0,-53961.414802607294,412,0.009
mcts,alarm,alarm.xbif_,32,1250,50.0,0.0,0.0,-53961.414802607294,413,0.004
mcts,alarm,alarm.xbif_,32,1250,50.0,0.0,0.0,-53961.414802607294,414,0.006
mcts,alarm,alarm.xbif_,32,1250,50.0,0.0,0.0,-53961.414802607294,415,0.006
mcts,alarm,alarm.xbif_,32,1250,50.0,0.0,0.0,-53961.414802607294,416,0.005
mcts,alarm,alarm.xbif_,32,1250,50.0,0.0,0.0,-53961.414802607294,417,0.007
mcts,alarm,alarm.xbif_,32,1250,50.0,0.0,0.0,-53961.414802607294,418,0.011
mcts,alarm,alarm.xbif_,32,1250,50.0,0.0,0.0,-53961.414802607294,419,0.006
mcts,alarm,alarm.xbif_,32,1250,50.0,0.0,0.0,-53961.414802607294,420,0.004
mcts,alarm,alarm.xbif_,32,1250,50.0,0.0,0.0,-53961.414802607294,421,0.005
mcts,alarm,alarm.xbif_,32,1250,50.0,0.0,0.0,-53961.414802607294,422,0.006
mcts,alarm,alarm.xbif_,32,1250,50.0,0.0,0.0,-53961.414802607294,423,0.006
mcts,alarm,alarm.xbif_,32,1250,50.0,0.0,0.0,-53961.414802607294,424,0.005
mcts,alarm,alarm.xbif_,32,1250,50.0,0.0,0.0,-53961.414802607294,425,0.004
mcts,alarm,alarm.xbif_,32,1250,50.0,0.0,0.0,-53961.414802607294,426,0.006
mcts,alarm,alarm.xbif_,32,1250,50.0,0.0,0.0,-53961.414802607294,427,0.005
mcts,alarm,alarm.xbif_,32,1250,50.0,0.0,0.0,-53961.414802607294,428,0.005
mcts,alarm,alarm.xbif_,32,1250,50.0,0.0,0.0,-53961.414802607294,429,0.006
mcts,alarm,alarm.xbif_,32,1250,50.0,0.0,0.0,-53961.414802607294,430,0.009
mcts,alarm,alarm.xbif_,32,1250,50.0,0.0,0.0,-53961.414802607294,431,0.009
mcts,alarm,alarm.xbif_,32,1250,50.0,0.0,0.0,-53961.414802607294,432,0.004
mcts,alarm,alarm.xbif_,32,1250,50.0,0.0,0.0,-53961.414802607294,433,0.006
mcts,alarm,alarm.xbif_,32,1250,50.0,0.0,0.0,-53961.414802607294,434,0.007
mcts,alarm,alarm.xbif_,32,1250,50.0,0.0,0.0,-53961.414802607294,435,0.006
mcts,alarm,alarm.xbif_,32,1250,50.0,0.0,0.0,-53961.414802607294,436,0.005
mcts,alarm,alarm.xbif_,32,1250,50.0,0.0,0.0,-53961.414802607294,437,0.007
mcts,alarm,alarm.xbif_,32,1250,50.0,0.0,0.0,-53961.414802607294,438,0.005
mcts,alarm,alarm.xbif_,32,1250,50.0,0.0,0.0,-53961.414802607294,439,0.006
mcts,alarm,alarm.xbif_,32,1250,50.0,0.0,0.0,-53961.414802607294,440,0.008
mcts,alarm,alarm.xbif_,32,1250,50.0,0.0,0.0,-53961.414802607294,441,0.006
mcts,alarm,alarm.xbif_,32,1250,50.0,0.0,0.0,-53961.414802607294,442,0.007
mcts,alarm,alarm.xbif_,32,1250,50.0,0.0,0.0,-53961.414802607294,443,0.01
mcts,alarm,alarm.xbif_,32,1250,50.0,0.0,0.0,-53961.414802607294,444,0.008
mcts,alarm,alarm.xbif_,32,1250,50.0,0.0,0.0,-53961.414802607294,445,0.005
mcts,alarm,alarm.xbif_,32,1250,50.0,0.0,0.0,-53961.414802607294,446,0.008
mcts,alarm,alarm.xbif_,32,1250,50.0,0.0,0.0,-53961.414802607294,447,0.004
mcts,alarm,alarm.xbif_,32,1250,50.0,0.0,0.0,-53961.414802607294,448,0.008
mcts,alarm,alarm.xbif_,32,1250,50.0,0.0,0.0,-53961.414802607294,449,0.006
mcts,alarm,alarm.xbif_,32,1250,50.0,0.0,0.0,-53961.414802607294,450,0.004
mcts,alarm,alarm.xbif_,32,1250,50.0,0.0,0.0,-53961.414802607294,451,0.007
mcts,alarm,alarm.xbif_,32,1250,50.0,0.0,0.0,-53961.414802607294,452,0.007
mcts,alarm,alarm.xbif_,32,1250,50.0,0.0,0.0,-53961.414802607294,453,0.005
mcts,alarm,alarm.xbif_,32,1250,50.0,0.0,0.0,-53961.414802607294,454,0.003
mcts,alarm,alarm.xbif_,32,1250,50.0,0.0,0.0,-53961.414802607294,455,0.008
mcts,alarm,alarm.xbif_,32,1250,50.0,0.0,0.0,-53961.414802607294,456,0.003
mcts,alarm,alarm.xbif_,32,1250,50.0,0.0,0.0,-53961.414802607294,457,0.003
mcts,alarm,alarm.xbif_,32,1250,50.0,0.0,0.0,-53961.414802607294,458,0.004
mcts,alarm,alarm.xbif_,32,1250,50.0,0.0,0.0,-53961.414802607294,459,0.004
mcts,alarm,alarm.xbif_,32,1250,50.0,0.0,0.0,-53961.414802607294,460,0.003
mcts,alarm,alarm.xbif_,32,1250,50.0,0.0,0.0,-53961.414802607294,461,0.005
mcts,alarm,alarm.xbif_,32,1250,50.0,0.0,0.0,-53961.414802607294,462,0.006
mcts,alarm,alarm.xbif_,32,1250,50.0,0.0,0.0,-53961.414802607294,463,0.005
mcts,alarm,alarm.xbif_,32,1250,50.0,0.0,0.0,-53961.414802607294,464,0.005
mcts,alarm,alarm.xbif_,32,1250,50.0,0.0,0.0,-53961.414802607294,465,0.006
mcts,alarm,alarm.xbif_,32,1250,50.0,0.0,0.0,-53961.414802607294,466,0.004
mcts,alarm,alarm.xbif_,32,1250,50.0,0.0,0.0,-53961.414802607294,467,0.004
mcts,alarm,alarm.xbif_,32,1250,50.0,0.0,0.0,-53961.414802607294,468,0.005
mcts,alarm,alarm.xbif_,32,1250,50.0,0.0,0.0,-53961.414802607294,469,0.003
mcts,alarm,alarm.xbif_,32,1250,50.0,0.0,0.0,-53961.414802607294,470,0.005
mcts,alarm,alarm.xbif_,32,1250,50.0,0.0,0.0,-53961.414802607294,471,0.005
mcts,alarm,alarm.xbif_,32,1250,50.0,0.0,0.0,-53961.414802607294,472,0.004
mcts,alarm,alarm.xbif_,32,1250,50.0,0.0,0.0,-53961.414802607294,473,0.004
mcts,alarm,alarm.xbif_,32,1250,50.0,0.0,0.0,-53961.414802607294,474,0.005
mcts,alarm,alarm.xbif_,32,1250,50.0,0.0,0.0,-53961.414802607294,475,0.01
mcts,alarm,alarm.xbif_,32,1250,50.0,0.0,0.0,-53961.414802607294,476,0.005
mcts,alarm,alarm.xbif_,32,1250,50.0,0.0,0.0,-53961.414802607294,477,0.006
mcts,alarm,alarm.xbif_,32,1250,50.0,0.0,0.0,-53961.414802607294,478,0.006
mcts,alarm,alarm.xbif_,32,1250,50.0,0.0,0.0,-53961.414802607294,479,0.005
mcts,alarm,alarm.xbif_,32,1250,50.0,0.0,0.0,-53961.414802607294,480,0.006
mcts,alarm,alarm.xbif_,32,1250,50.0,0.0,0.0,-53961.414802607294,481,0.005
mcts,alarm,alarm.xbif_,32,1250,50.0,0.0,0.0,-53961.414802607294,482,0.005
mcts,alarm,alarm.xbif_,32,1250,50.0,0.0,0.0,-53961.414802607294,483,0.004
mcts,alarm,alarm.xbif_,32,1250,50.0,0.0,0.0,-53961.414802607294,484,0.005
mcts,alarm,alarm.xbif_,32,1250,50.0,0.0,0.0,-53961.414802607294,485,0.005
mcts,alarm,alarm.xbif_,32,1250,50.0,0.0,0.0,-53961.414802607294,486,0.015
mcts,alarm,alarm.xbif_,32,1250,50.0,0.0,0.0,-53961.414802607294,487,0.007
mcts,alarm,alarm.xbif_,32,1250,50.0,0.0,0.0,-53961.414802607294,488,0.005
mcts,alarm,alarm.xbif_,32,1250,50.0,0.0,0.0,-53961.414802607294,489,0.006
mcts,alarm,alarm.xbif_,32,1250,50.0,0.0,0.0,-53961.414802607294,490,0.006
mcts,alarm,alarm.xbif_,32,1250,50.0,0.0,0.0,-53961.414802607294,491,0.006
mcts,alarm,alarm.xbif_,32,1250,50.0,0.0,0.0,-53961.414802607294,492,0.004
mcts,alarm,alarm.xbif_,32,1250,50.0,0.0,0.0,-53961.414802607294,493,0.008
mcts,alarm,alarm.xbif_,32,1250,50.0,0.0,0.0,-53961.414802607294,494,0.007
mcts,alarm,alarm.xbif_,32,1250,50.0,0.0,0.0,-53961.414802607294,495,0.011
mcts,alarm,alarm.xbif_,32,1250,50.0,0.0,0.0,-53961.414802607294,496,0.004
mcts,alarm,alarm.xbif_,32,1250,50.0,0.0,0.0,-53961.414802607294,497,0.006
mcts,alarm,alarm.xbif_,32,1250,50.0,0.0,0.0,-53961.414802607294,498,0.005
mcts,alarm,alarm.xbif_,32,1250,50.0,0.0,0.0,-53961.414802607294,499,0.004
mcts,alarm,alarm.xbif_,32,1250,50.0,0.0,0.0,-53961.414802607294,500,0.005
mcts,alarm,alarm.xbif_,32,1250,50.0,0.0,0.0,-53961.414802607294,501,0.004
mcts,alarm,alarm.xbif_,32,1250,50.0,0.0,0.0,-53961.414802607294,502,0.006
mcts,alarm,alarm.xbif_,32,1250,50.0,0.0,0.0,-53961.414802607294,503,0.006
mcts,alarm,alarm.xbif_,32,1250,50.0,0.0,0.0,-53961.414802607294,504,0.004
mcts,alarm,alarm.xbif_,32,1250,50.0,0.0,0.0,-53961.414802607294,505,0.005
mcts,alarm,alarm.xbif_,32,1250,50.0,0.0,0.0,-53961.414802607294,506,0.007
mcts,alarm,alarm.xbif_,32,1250,50.0,0.0,0.0,-53961.414802607294,507,0.011
mcts,alarm,alarm.xbif_,32,1250,50.0,0.0,0.0,-53961.414802607294,508,0.006
mcts,alarm,alarm.xbif_,32,1250,50.0,0.0,0.0,-53961.414802607294,509,0.006
mcts,alarm,alarm.xbif_,32,1250,50.0,0.0,0.0,-53961.414802607294,510,0.006
mcts,alarm,alarm.xbif_,32,1250,50.0,0.0,0.0,-53961.414802607294,511,0.004
mcts,alarm,alarm.xbif_,32,1250,50.0,0.0,0.0,-53961.414802607294,512,0.004
mcts,alarm,alarm.xbif_,32,1250,50.0,0.0,0.0,-53961.414802607294,513,0.005
mcts,alarm,alarm.xbif_,32,1250,50.0,0.0,0.0,-53961.414802607294,514,0.006
mcts,alarm,alarm.xbif_,32,1250,50.0,0.0,0.0,-53961.414802607294,515,0.007
mcts,alarm,alarm.xbif_,32,1250,50.0,0.0,0.0,-53961.414802607294,516,0.005
mcts,alarm,alarm.xbif_,32,1250,50.0,0.0,0.0,-53961.414802607294,517,0.008
mcts,alarm,alarm.xbif_,32,1250,50.0,0.0,0.0,-53961.414802607294,518,0.009
mcts,alarm,alarm.xbif_,32,1250,50.0,0.0,0.0,-53961.414802607294,519,0.005
mcts,alarm,alarm.xbif_,32,1250,50.0,0.0,0.0,-53961.414802607294,520,0.006
mcts,alarm,alarm.xbif_,32,1250,50.0,0.0,0.0,-53961.414802607294,521,0.01
mcts,alarm,alarm.xbif_,32,1250,50.0,0.0,0.0,-53961.414802607294,522,0.005
mcts,alarm,alarm.xbif_,32,1250,50.0,0.0,0.0,-53961.414802607294,523,0.008
mcts,alarm,alarm.xbif_,32,1250,50.0,0.0,0.0,-53961.414802607294,524,0.007
mcts,alarm,alarm.xbif_,32,1250,50.0,0.0,0.0,-53961.414802607294,525,0.006
mcts,alarm,alarm.xbif_,32,1250,50.0,0.0,0.0,-53961.414802607294,526,0.008
mcts,alarm,alarm.xbif_,32,1250,50.0,0.0,0.0,-53961.414802607294,527,0.005
mcts,alarm,alarm.xbif_,32,1250,50.0,0.0,0.0,-53961.414802607294,528,0.007
mcts,alarm,alarm.xbif_,32,1250,50.0,0.0,0.0,-53961.414802607294,529,0.007
mcts,alarm,alarm.xbif_,32,1250,50.0,0.0,0.0,-53961.414802607294,530,0.006
mcts,alarm,alarm.xbif_,32,1250,50.0,0.0,0.0,-53961.414802607294,531,0.011
mcts,alarm,alarm.xbif_,32,1250,50.0,0.0,0.0,-53961.414802607294,532,0.01
mcts,alarm,alarm.xbif_,32,1250,50.0,0.0,0.0,-53961.414802607294,533,0.005
mcts,alarm,alarm.xbif_,32,1250,50.0,0.0,0.0,-53961.414802607294,534,0.008
mcts,alarm,alarm.xbif_,32,1250,50.0,0.0,0.0,-53961.414802607294,535,0.006
mcts,alarm,alarm.xbif_,32,1250,50.0,0.0,0.0,-53961.414802607294,536,0.006
mcts,alarm,alarm.xbif_,32,1250,50.0,0.0,0.0,-53961.414802607294,537,0.007
mcts,alarm,alarm.xbif_,32,1250,50.0,0.0,0.0,-53961.414802607294,538,0.009
mcts,alarm,alarm.xbif_,32,1250,50.0,0.0,0.0,-53961.414802607294,539,0.006
mcts,alarm,alarm.xbif_,32,1250,50.0,0.0,0.0,-53961.414802607294,540,0.005
mcts,alarm,alarm.xbif_,32,1250,50.0,0.0,0.0,-53961.414802607294,541,0.006
mcts,alarm,alarm.xbif_,32,1250,50.0,0.0,0.0,-53961.414802607294,542,0.007
mcts,alarm,alarm.xbif_,32,1250,50.0,0.0,0.0,-53961.414802607294,543,0.004
mcts,alarm,alarm.xbif_,32,1250,50.0,0.0,0.0,-53961.414802607294,544,0.004
mcts,alarm,alarm.xbif_,32,1250,50.0,0.0,0.0,-53961.414802607294,545,0.008
mcts,alarm,alarm.xbif_,32,1250,50.0,0.0,0.0,-53961.414802607294,546,0.006
mcts,alarm,alarm.xbif_,32,1250,50.0,0.0,0.0,-53961.414802607294,547,0.005
mcts,alarm,alarm.xbif_,32,1250,50.0,0.0,0.0,-53961.414802607294,548,0.011
mcts,alarm,alarm.xbif_,32,1250,50.0,0.0,0.0,-53961.414802607294,549,0.008
mcts,alarm,alarm.xbif_,32,1250,50.0,0.0,0.0,-53961.414802607294,550,0.008
mcts,alarm,alarm.xbif_,32,1250,50.0,0.0,0.0,-53961.414802607294,551,0.006
mcts,alarm,alarm.xbif_,32,1250,50.0,0.0,0.0,-53961.414802607294,552,0.007
mcts,alarm,alarm.xbif_,32,1250,50.0,0.0,0.0,-53961.414802607294,553,0.008
mcts,alarm,alarm.xbif_,32,1250,50.0,0.0,0.0,-53961.414802607294,554,0.007
mcts,alarm,alarm.xbif_,32,1250,50.0,0.0,0.0,-53961.414802607294,555,0.009
mcts,alarm,alarm.xbif_,32,1250,50.0,0.0,0.0,-53961.414802607294,556,0.012
mcts,alarm,alarm.xbif_,32,1250,50.0,0.0,0.0,-53961.414802607294,557,0.007
mcts,alarm,alarm.xbif_,32,1250,50.0,0.0,0.0,-53961.414802607294,558,0.008
mcts,alarm,alarm.xbif_,32,1250,50.0,0.0,0.0,-53961.414802607294,559,0.009
mcts,alarm,alarm.xbif_,32,1250,50.0,0.0,0.0,-53961.414802607294,560,0.007
mcts,alarm,alarm.xbif_,32,1250,50.0,0.0,0.0,-53961.414802607294,561,0.006
mcts,alarm,alarm.xbif_,32,1250,50.0,0.0,0.0,-53961.414802607294,562,0.006
mcts,alarm,alarm.xbif_,32,1250,50.0,0.0,0.0,-53961.414802607294,563,0.008
mcts,alarm,alarm.xbif_,32,1250,50.0,0.0,0.0,-53961.414802607294,564,0.005
mcts,alarm,alarm.xbif_,32,1250,50.0,0.0,0.0,-53961.414802607294,565,0.008
mcts,alarm,alarm.xbif_,32,1250,50.0,0.0,0.0,-53961.414802607294,566,0.005
mcts,alarm,alarm.xbif_,32,1250,50.0,0.0,0.0,-53961.414802607294,567,0.007
mcts,alarm,alarm.xbif_,32,1250,50.0,0.0,0.0,-53961.414802607294,568,0.005
mcts,alarm,alarm.xbif_,32,1250,50.0,0.0,0.0,-53961.414802607294,569,0.006
mcts,alarm,alarm.xbif_,32,1250,50.0,0.0,0.0,-53961.414802607294,570,0.011
mcts,alarm,alarm.xbif_,32,1250,50.0,0.0,0.0,-53961.414802607294,571,0.007
mcts,alarm,alarm.xbif_,32,1250,50.0,0.0,0.0,-53961.414802607294,572,0.005
mcts,alarm,alarm.xbif_,32,1250,50.0,0.0,0.0,-53961.414802607294,573,0.006
mcts,alarm,alarm.xbif_,32,1250,50.0,0.0,0.0,-53961.414802607294,574,0.006
mcts,alarm,alarm.xbif_,32,1250,50.0,0.0,0.0,-53961.414802607294,575,0.007
mcts,alarm,alarm.xbif_,32,1250,50.0,0.0,0.0,-53961.414802607294,576,0.003
mcts,alarm,alarm.xbif_,32,1250,50.0,0.0,0.0,-53961.414802607294,577,0.005
mcts,alarm,alarm.xbif_,32,1250,50.0,0.0,0.0,-53961.414802607294,578,0.012
mcts,alarm,alarm.xbif_,32,1250,50.0,0.0,0.0,-53961.414802607294,579,0.007
mcts,alarm,alarm.xbif_,32,1250,50.0,0.0,0.0,-53961.414802607294,580,0.006
mcts,alarm,alarm.xbif_,32,1250,50.0,0.0,0.0,-53961.414802607294,581,0.003
mcts,alarm,alarm.xbif_,32,1250,50.0,0.0,0.0,-53961.414802607294,582,0.006
mcts,alarm,alarm.xbif_,32,1250,50.0,0.0,0.0,-53961.414802607294,583,0.007
mcts,alarm,alarm.xbif_,32,1250,50.0,0.0,0.0,-53961.414802607294,584,0.004
mcts,alarm,alarm.xbif_,32,1250,50.0,0.0,0.0,-53961.414802607294,585,0.006
mcts,alarm,alarm.xbif_,32,1250,50.0,0.0,0.0,-53961.414802607294,586,0.007
mcts,alarm,alarm.xbif_,32,1250,50.0,0.0,0.0,-53961.414802607294,587,0.009
mcts,alarm,alarm.xbif_,32,1250,50.0,0.0,0.0,-53961.414802607294,588,0.005
mcts,alarm,alarm.xbif_,32,1250,50.0,0.0,0.0,-53961.414802607294,589,0.004
mcts,alarm,alarm.xbif_,32,1250,50.0,0.0,0.0,-53961.414802607294,590,0.004
mcts,alarm,alarm.xbif_,32,1250,50.0,0.0,0.0,-53961.414802607294,591,0.004
mcts,alarm,alarm.xbif_,32,1250,50.0,0.0,0.0,-53961.414802607294,592,0.015
mcts,alarm,alarm.xbif_,32,1250,50.0,0.0,0.0,-53961.414802607294,593,0.004
mcts,alarm,alarm.xbif_,32,1250,50.0,0.0,0.0,-53961.414802607294,594,0.006
mcts,alarm,alarm.xbif_,32,1250,50.0,0.0,0.0,-53961.414802607294,595,0.004
mcts,alarm,alarm.xbif_,32,1250,50.0,0.0,0.0,-53961.414802607294,596,0.005
mcts,alarm,alarm.xbif_,32,1250,50.0,0.0,0.0,-53961.414802607294,597,0.003
mcts,alarm,alarm.xbif_,32,1250,50.0,0.0,0.0,-53961.414802607294,598,0.005
mcts,alarm,alarm.xbif_,32,1250,50.0,0.0,0.0,-53961.414802607294,599,0.006
mcts,alarm,alarm.xbif_,32,1250,50.0,0.0,0.0,-53961.414802607294,600,0.006
mcts,alarm,alarm.xbif_,32,1250,50.0,0.0,0.0,-53961.414802607294,601,0.005
mcts,alarm,alarm.xbif_,32,1250,50.0,0.0,0.0,-53961.414802607294,602,0.005
mcts,alarm,alarm.xbif_,32,1250,50.0,0.0,0.0,-53961.414802607294,603,0.003
mcts,alarm,alarm.xbif_,32,1250,50.0,0.0,0.0,-53961.414802607294,604,0.006
mcts,alarm,alarm.xbif_,32,1250,50.0,0.0,0.0,-53961.414802607294,605,0.004
mcts,alarm,alarm.xbif_,32,1250,50.0,0.0,0.0,-53961.414802607294,606,0.006
mcts,alarm,alarm.xbif_,32,1250,50.0,0.0,0.0,-53961.414802607294,607,0.004
mcts,alarm,alarm.xbif_,32,1250,50.0,0.0,0.0,-53961.414802607294,608,0.005
mcts,alarm,alarm.xbif_,32,1250,50.0,0.0,0.0,-53961.414802607294,609,0.006
mcts,alarm,alarm.xbif_,32,1250,50.0,0.0,0.0,-53961.414802607294,610,0.006
mcts,alarm,alarm.xbif_,32,1250,50.0,0.0,0.0,-53961.414802607294,611,0.005
mcts,alarm,alarm.xbif_,32,1250,50.0,0.0,0.0,-53961.414802607294,612,0.005
mcts,alarm,alarm.xbif_,32,1250,50.0,0.0,0.0,-53961.414802607294,613,0.005
mcts,alarm,alarm.xbif_,32,1250,50.0,0.0,0.0,-53961.414802607294,614,0.008
mcts,alarm,alarm.xbif_,32,1250,50.0,0.0,0.0,-53961.414802607294,615,0.004
mcts,alarm,alarm.xbif_,32,1250,50.0,0.0,0.0,-53961.414802607294,616,0.006
mcts,alarm,alarm.xbif_,32,1250,50.0,0.0,0.0,-53961.414802607294,617,0.012
mcts,alarm,alarm.xbif_,32,1250,50.0,0.0,0.0,-53961.414802607294,618,0.007
mcts,alarm,alarm.xbif_,32,1250,50.0,0.0,0.0,-53961.414802607294,619,0.006
mcts,alarm,alarm.xbif_,32,1250,50.0,0.0,0.0,-53961.414802607294,620,0.007
mcts,alarm,alarm.xbif_,32,1250,50.0,0.0,0.0,-53961.414802607294,621,0.007
mcts,alarm,alarm.xbif_,32,1250,50.0,0.0,0.0,-53961.414802607294,622,0.005
mcts,alarm,alarm.xbif_,32,1250,50.0,0.0,0.0,-53961.414802607294,623,0.006
mcts,alarm,alarm.xbif_,32,1250,50.0,0.0,0.0,-53961.414802607294,624,0.018
mcts,alarm,alarm.xbif_,32,1250,50.0,0.0,0.0,-53961.414802607294,625,0.01
mcts,alarm,alarm.xbif_,32,1250,50.0,0.0,0.0,-53961.414802607294,626,0.006
mcts,alarm,alarm.xbif_,32,1250,50.0,0.0,0.0,-53961.414802607294,627,0.005
mcts,alarm,alarm.xbif_,32,1250,50.0,0.0,0.0,-53961.414802607294,628,0.005
mcts,alarm,alarm.xbif_,32,1250,50.0,0.0,0.0,-53961.414802607294,629,0.005
mcts,alarm,alarm.xbif_,32,1250,50.0,0.0,0.0,-53961.414802607294,630,0.009
mcts,alarm,alarm.xbif_,32,1250,50.0,0.0,0.0,-53961.414802607294,631,0.014
mcts,alarm,alarm.xbif_,32,1250,50.0,0.0,0.0,-53961.414802607294,632,0.007
mcts,alarm,alarm.xbif_,32,1250,50.0,0.0,0.0,-53961.414802607294,633,0.01
mcts,alarm,alarm.xbif_,32,1250,50.0,0.0,0.0,-53961.414802607294,634,0.009
mcts,alarm,alarm.xbif_,32,1250,50.0,0.0,0.0,-53961.414802607294,635,0.006
mcts,alarm,alarm.xbif_,32,1250,50.0,0.0,0.0,-53961.414802607294,636,0.006
mcts,alarm,alarm.xbif_,32,1250,50.0,0.0,0.0,-53961.414802607294,637,0.005
mcts,alarm,alarm.xbif_,32,1250,50.0,0.0,0.0,-53961.414802607294,638,0.005
mcts,alarm,alarm.xbif_,32,1250,50.0,0.0,0.0,-53961.414802607294,639,0.004
mcts,alarm,alarm.xbif_,32,1250,50.0,0.0,0.0,-53961.414802607294,640,0.005
mcts,alarm,alarm.xbif_,32,1250,50.0,0.0,0.0,-53961.414802607294,641,0.005
mcts,alarm,alarm.xbif_,32,1250,50.0,0.0,0.0,-53961.414802607294,642,0.009
mcts,alarm,alarm.xbif_,32,1250,50.0,0.0,0.0,-53961.414802607294,643,0.009
mcts,alarm,alarm.xbif_,32,1250,50.0,0.0,0.0,-53961.414802607294,644,0.005
mcts,alarm,alarm.xbif_,32,1250,50.0,0.0,0.0,-53961.414802607294,645,0.006
mcts,alarm,alarm.xbif_,32,1250,50.0,0.0,0.0,-53961.414802607294,646,0.009
mcts,alarm,alarm.xbif_,32,1250,50.0,0.0,0.0,-53961.414802607294,647,0.008
mcts,alarm,alarm.xbif_,32,1250,50.0,0.0,0.0,-53961.414802607294,648,0.007
mcts,alarm,alarm.xbif_,32,1250,50.0,0.0,0.0,-53961.414802607294,649,0.012
mcts,alarm,alarm.xbif_,32,1250,50.0,0.0,0.0,-53961.414802607294,650,0.006
mcts,alarm,alarm.xbif_,32,1250,50.0,0.0,0.0,-53961.414802607294,651,0.004
mcts,alarm,alarm.xbif_,32,1250,50.0,0.0,0.0,-53961.414802607294,652,0.004
mcts,alarm,alarm.xbif_,32,1250,50.0,0.0,0.0,-53961.414802607294,653,0.005
mcts,alarm,alarm.xbif_,32,1250,50.0,0.0,0.0,-53961.414802607294,654,0.007
mcts,alarm,alarm.xbif_,32,1250,50.0,0.0,0.0,-53961.414802607294,655,0.004
mcts,alarm,alarm.xbif_,32,1250,50.0,0.0,0.0,-53961.414802607294,656,0.004
mcts,alarm,alarm.xbif_,32,1250,50.0,0.0,0.0,-53961.414802607294,657,0.006
mcts,alarm,alarm.xbif_,32,1250,50.0,0.0,0.0,-53961.414802607294,658,0.004
mcts,alarm,alarm.xbif_,32,1250,50.0,0.0,0.0,-53961.414802607294,659,0.006
mcts,alarm,alarm.xbif_,32,1250,50.0,0.0,0.0,-53961.414802607294,660,0.004
mcts,alarm,alarm.xbif_,32,1250,50.0,0.0,0.0,-53961.414802607294,661,0.006
mcts,alarm,alarm.xbif_,32,1250,50.0,0.0,0.0,-53961.414802607294,662,0.005
mcts,alarm,alarm.xbif_,32,1250,50.0,0.0,0.0,-53961.414802607294,663,0.005
mcts,alarm,alarm.xbif_,32,1250,50.0,0.0,0.0,-53961.414802607294,664,0.006
mcts,alarm,alarm.xbif_,32,1250,50.0,0.0,0.0,-53961.414802607294,665,0.009
mcts,alarm,alarm.xbif_,32,1250,50.0,0.0,0.0,-53961.414802607294,666,0.004
mcts,alarm,alarm.xbif_,32,1250,50.0,0.0,0.0,-53961.414802607294,667,0.006
mcts,alarm,alarm.xbif_,32,1250,50.0,0.0,0.0,-53961.414802607294,668,0.006
mcts,alarm,alarm.xbif_,32,1250,50.0,0.0,0.0,-53961.414802607294,669,0.004
mcts,alarm,alarm.xbif_,32,1250,50.0,0.0,0.0,-53961.414802607294,670,0.006
mcts,alarm,alarm.xbif_,32,1250,50.0,0.0,0.0,-53961.414802607294,671,0.005
mcts,alarm,alarm.xbif_,32,1250,50.0,0.0,0.0,-53961.414802607294,672,0.007
mcts,alarm,alarm.xbif_,32,1250,50.0,0.0,0.0,-53961.414802607294,673,0.006
mcts,alarm,alarm.xbif_,32,1250,50.0,0.0,0.0,-53961.414802607294,674,0.005
mcts,alarm,alarm.xbif_,32,1250,50.0,0.0,0.0,-53961.414802607294,675,0.007
mcts,alarm,alarm.xbif_,32,1250,50.0,0.0,0.0,-53961.414802607294,676,0.006
mcts,alarm,alarm.xbif_,32,1250,50.0,0.0,0.0,-53961.414802607294,677,0.008
mcts,alarm,alarm.xbif_,32,1250,50.0,0.0,0.0,-53961.414802607294,678,0.007
mcts,alarm,alarm.xbif_,32,1250,50.0,0.0,0.0,-53961.414802607294,679,0.005
mcts,alarm,alarm.xbif_,32,1250,50.0,0.0,0.0,-53961.414802607294,680,0.007
mcts,alarm,alarm.xbif_,32,1250,50.0,0.0,0.0,-53961.414802607294,681,0.012
mcts,alarm,alarm.xbif_,32,1250,50.0,0.0,0.0,-53961.414802607294,682,0.007
mcts,alarm,alarm.xbif_,32,1250,50.0,0.0,0.0,-53961.414802607294,683,0.009
mcts,alarm,alarm.xbif_,32,1250,50.0,0.0,0.0,-53961.414802607294,684,0.005
mcts,alarm,alarm.xbif_,32,1250,50.0,0.0,0.0,-53961.414802607294,685,0.008
mcts,alarm,alarm.xbif_,32,1250,50.0,0.0,0.0,-53961.414802607294,686,0.007
mcts,alarm,alarm.xbif_,32,1250,50.0,0.0,0.0,-53961.414802607294,687,0.006
mcts,alarm,alarm.xbif_,32,1250,50.0,0.0,0.0,-53961.414802607294,688,0.004
mcts,alarm,alarm.xbif_,32,1250,50.0,0.0,0.0,-53961.414802607294,689,0.005
mcts,alarm,alarm.xbif_,32,1250,50.0,0.0,0.0,-53961.414802607294,690,0.006
mcts,alarm,alarm.xbif_,32,1250,50.0,0.0,0.0,-53961.414802607294,691,0.008
mcts,alarm,alarm.xbif_,32,1250,50.0,0.0,0.0,-53961.414802607294,692,0.005
mcts,alarm,alarm.xbif_,32,1250,50.0,0.0,0.0,-53961.414802607294,693,0.005
mcts,alarm,alarm.xbif_,32,1250,50.0,0.0,0.0,-53961.414802607294,694,0.006
mcts,alarm,alarm.xbif_,32,1250,50.0,0.0,0.0,-53961.414802607294,695,0.004
mcts,alarm,alarm.xbif_,32,1250,50.0,0.0,0.0,-53961.414802607294,696,0.009
mcts,alarm,alarm.xbif_,32,1250,50.0,0.0,0.0,-53961.414802607294,697,0.007
mcts,alarm,alarm.xbif_,32,1250,50.0,0.0,0.0,-53961.414802607294,698,0.01
mcts,alarm,alarm.xbif_,32,1250,50.0,0.0,0.0,-53961.414802607294,699,0.008
mcts,alarm,alarm.xbif_,32,1250,50.0,0.0,0.0,-53961.414802607294,700,0.01
mcts,alarm,alarm.xbif_,32,1250,50.0,0.0,0.0,-53961.414802607294,701,0.013
mcts,alarm,alarm.xbif_,32,1250,50.0,0.0,0.0,-53961.414802607294,702,0.005
mcts,alarm,alarm.xbif_,32,1250,50.0,0.0,0.0,-53961.414802607294,703,0.005
mcts,alarm,alarm.xbif_,32,1250,50.0,0.0,0.0,-53961.414802607294,704,0.006
mcts,alarm,alarm.xbif_,32,1250,50.0,0.0,0.0,-53961.414802607294,705,0.005
mcts,alarm,alarm.xbif_,32,1250,50.0,0.0,0.0,-53961.414802607294,706,0.006
mcts,alarm,alarm.xbif_,32,1250,50.0,0.0,0.0,-53961.414802607294,707,0.01
mcts,alarm,alarm.xbif_,32,1250,50.0,0.0,0.0,-53961.414802607294,708,0.006
mcts,alarm,alarm.xbif_,32,1250,50.0,0.0,0.0,-53961.414802607294,709,0.007
mcts,alarm,alarm.xbif_,32,1250,50.0,0.0,0.0,-53961.414802607294,710,0.004
mcts,alarm,alarm.xbif_,32,1250,50.0,0.0,0.0,-53961.414802607294,711,0.014
mcts,alarm,alarm.xbif_,32,1250,50.0,0.0,0.0,-53961.414802607294,712,0.006
mcts,alarm,alarm.xbif_,32,1250,50.0,0.0,0.0,-53961.414802607294,713,0.008
mcts,alarm,alarm.xbif_,32,1250,50.0,0.0,0.0,-53961.414802607294,714,0.006
mcts,alarm,alarm.xbif_,32,1250,50.0,0.0,0.0,-53961.414802607294,715,0.007
mcts,alarm,alarm.xbif_,32,1250,50.0,0.0,0.0,-53961.414802607294,716,0.004
mcts,alarm,alarm.xbif_,32,1250,50.0,0.0,0.0,-53961.414802607294,717,0.019
mcts,alarm,alarm.xbif_,32,1250,50.0,0.0,0.0,-53961.414802607294,718,0.005
mcts,alarm,alarm.xbif_,32,1250,50.0,0.0,0.0,-53961.414802607294,719,0.008
mcts,alarm,alarm.xbif_,32,1250,50.0,0.0,0.0,-53961.414802607294,720,0.006
mcts,alarm,alarm.xbif_,32,1250,50.0,0.0,0.0,-53961.414802607294,721,0.006
mcts,alarm,alarm.xbif_,32,1250,50.0,0.0,0.0,-53961.414802607294,722,0.004
mcts,alarm,alarm.xbif_,32,1250,50.0,0.0,0.0,-53961.414802607294,723,0.006
mcts,alarm,alarm.xbif_,32,1250,50.0,0.0,0.0,-53961.414802607294,724,0.006
mcts,alarm,alarm.xbif_,32,1250,50.0,0.0,0.0,-53961.414802607294,725,0.01
mcts,alarm,alarm.xbif_,32,1250,50.0,0.0,0.0,-53961.414802607294,726,0.007
mcts,alarm,alarm.xbif_,32,1250,50.0,0.0,0.0,-53961.414802607294,727,0.005
mcts,alarm,alarm.xbif_,32,1250,50.0,0.0,0.0,-53961.414802607294,728,0.003
mcts,alarm,alarm.xbif_,32,1250,50.0,0.0,0.0,-53961.414802607294,729,0.006
mcts,alarm,alarm.xbif_,32,1250,50.0,0.0,0.0,-53961.414802607294,730,0.005
mcts,alarm,alarm.xbif_,32,1250,50.0,0.0,0.0,-53961.414802607294,731,0.005
mcts,alarm,alarm.xbif_,32,1250,50.0,0.0,0.0,-53961.414802607294,732,0.006
mcts,alarm,alarm.xbif_,32,1250,50.0,0.0,0.0,-53961.414802607294,733,0.005
mcts,alarm,alarm.xbif_,32,1250,50.0,0.0,0.0,-53961.414802607294,734,0.01
mcts,alarm,alarm.xbif_,32,1250,50.0,0.0,0.0,-53961.414802607294,735,0.005
mcts,alarm,alarm.xbif_,32,1250,50.0,0.0,0.0,-53961.414802607294,736,0.007
mcts,alarm,alarm.xbif_,32,1250,50.0,0.0,0.0,-53961.414802607294,737,0.005
mcts,alarm,alarm.xbif_,32,1250,50.0,0.0,0.0,-53961.414802607294,738,0.007
mcts,alarm,alarm.xbif_,32,1250,50.0,0.0,0.0,-53961.414802607294,739,0.006
mcts,alarm,alarm.xbif_,32,1250,50.0,0.0,0.0,-53961.414802607294,740,0.005
mcts,alarm,alarm.xbif_,32,1250,50.0,0.0,0.0,-53961.414802607294,741,0.004
mcts,alarm,alarm.xbif_,32,1250,50.0,0.0,0.0,-53961.414802607294,742,0.007
mcts,alarm,alarm.xbif_,32,1250,50.0,0.0,0.0,-53961.414802607294,743,0.005
mcts,alarm,alarm.xbif_,32,1250,50.0,0.0,0.0,-53961.414802607294,744,0.009
mcts,alarm,alarm.xbif_,32,1250,50.0,0.0,0.0,-53961.414802607294,745,0.006
mcts,alarm,alarm.xbif_,32,1250,50.0,0.0,0.0,-53961.414802607294,746,0.006
mcts,alarm,alarm.xbif_,32,1250,50.0,0.0,0.0,-53961.414802607294,747,0.006
mcts,alarm,alarm.xbif_,32,1250,50.0,0.0,0.0,-53961.414802607294,748,0.006
mcts,alarm,alarm.xbif_,32,1250,50.0,0.0,0.0,-53961.414802607294,749,0.005
mcts,alarm,alarm.xbif_,32,1250,50.0,0.0,0.0,-53961.414802607294,750,0.008
mcts,alarm,alarm.xbif_,32,1250,50.0,0.0,0.0,-53961.414802607294,751,0.005
mcts,alarm,alarm.xbif_,32,1250,50.0,0.0,0.0,-53961.414802607294,752,0.009
mcts,alarm,alarm.xbif_,32,1250,50.0,0.0,0.0,-53961.414802607294,753,0.009
mcts,alarm,alarm.xbif_,32,1250,50.0,0.0,0.0,-53961.414802607294,754,0.007
mcts,alarm,alarm.xbif_,32,1250,50.0,0.0,0.0,-53961.414802607294,755,0.009
mcts,alarm,alarm.xbif_,32,1250,50.0,0.0,0.0,-53961.414802607294,756,0.004
mcts,alarm,alarm.xbif_,32,1250,50.0,0.0,0.0,-53961.414802607294,757,0.006
mcts,alarm,alarm.xbif_,32,1250,50.0,0.0,0.0,-53961.414802607294,758,0.007
mcts,alarm,alarm.xbif_,32,1250,50.0,0.0,0.0,-53961.414802607294,759,0.005
mcts,alarm,alarm.xbif_,32,1250,50.0,0.0,0.0,-53961.414802607294,760,0.006
mcts,alarm,alarm.xbif_,32,1250,50.0,0.0,0.0,-53961.414802607294,761,0.008
mcts,alarm,alarm.xbif_,32,1250,50.0,0.0,0.0,-53961.414802607294,762,0.007
mcts,alarm,alarm.xbif_,32,1250,50.0,0.0,0.0,-53961.414802607294,763,0.005
mcts,alarm,alarm.xbif_,32,1250,50.0,0.0,0.0,-53961.414802607294,764,0.004
mcts,alarm,alarm.xbif_,32,1250,50.0,0.0,0.0,-53961.414802607294,765,0.009
mcts,alarm,alarm.xbif_,32,1250,50.0,0.0,0.0,-53961.414802607294,766,0.006
mcts,alarm,alarm.xbif_,32,1250,50.0,0.0,0.0,-53961.414802607294,767,0.005
mcts,alarm,alarm.xbif_,32,1250,50.0,0.0,0.0,-53961.414802607294,768,0.005
mcts,alarm,alarm.xbif_,32,1250,50.0,0.0,0.0,-53961.414802607294,769,0.004
mcts,alarm,alarm.xbif_,32,1250,50.0,0.0,0.0,-53961.414802607294,770,0.01
mcts,alarm,alarm.xbif_,32,1250,50.0,0.0,0.0,-53961.414802607294,771,0.006
mcts,alarm,alarm.xbif_,32,1250,50.0,0.0,0.0,-53961.414802607294,772,0.006
mcts,alarm,alarm.xbif_,32,1250,50.0,0.0,0.0,-53961.414802607294,773,0.005
mcts,alarm,alarm.xbif_,32,1250,50.0,0.0,0.0,-53961.414802607294,774,0.006
mcts,alarm,alarm.xbif_,32,1250,50.0,0.0,0.0,-53961.414802607294,775,0.01
mcts,alarm,alarm.xbif_,32,1250,50.0,0.0,0.0,-53961.414802607294,776,0.009
mcts,alarm,alarm.xbif_,32,1250,50.0,0.0,0.0,-53961.414802607294,777,0.007
mcts,alarm,alarm.xbif_,32,1250,50.0,0.0,0.0,-53961.414802607294,778,0.006
mcts,alarm,alarm.xbif_,32,1250,50.0,0.0,0.0,-53961.414802607294,779,0.006
mcts,alarm,alarm.xbif_,32,1250,50.0,0.0,0.0,-53961.414802607294,780,0.006
mcts,alarm,alarm.xbif_,32,1250,50.0,0.0,0.0,-53961.414802607294,781,0.007
mcts,alarm,alarm.xbif_,32,1250,50.0,0.0,0.0,-53961.414802607294,782,0.008
mcts,alarm,alarm.xbif_,32,1250,50.0,0.0,0.0,-53961.414802607294,783,0.008
mcts,alarm,alarm.xbif_,32,1250,50.0,0.0,0.0,-53961.414802607294,784,0.008
mcts,alarm,alarm.xbif_,32,1250,50.0,0.0,0.0,-53961.414802607294,785,0.006
mcts,alarm,alarm.xbif_,32,1250,50.0,0.0,0.0,-53961.414802607294,786,0.005
mcts,alarm,alarm.xbif_,32,1250,50.0,0.0,0.0,-53961.414802607294,787,0.006
mcts,alarm,alarm.xbif_,32,1250,50.0,0.0,0.0,-53961.414802607294,788,0.005
mcts,alarm,alarm.xbif_,32,1250,50.0,0.0,0.0,-53961.414802607294,789,0.006
mcts,alarm,alarm.xbif_,32,1250,50.0,0.0,0.0,-53961.414802607294,790,0.004
mcts,alarm,alarm.xbif_,32,1250,50.0,0.0,0.0,-53961.414802607294,791,0.008
mcts,alarm,alarm.xbif_,32,1250,50.0,0.0,0.0,-53961.414802607294,792,0.01
mcts,alarm,alarm.xbif_,32,1250,50.0,0.0,0.0,-53961.414802607294,793,0.007
mcts,alarm,alarm.xbif_,32,1250,50.0,0.0,0.0,-53961.414802607294,794,0.005
mcts,alarm,alarm.xbif_,32,1250,50.0,0.0,0.0,-53961.414802607294,795,0.006
mcts,alarm,alarm.xbif_,32,1250,50.0,0.0,0.0,-53961.414802607294,796,0.006
mcts,alarm,alarm.xbif_,32,1250,50.0,0.0,0.0,-53961.414802607294,797,0.012
mcts,alarm,alarm.xbif_,32,1250,50.0,0.0,0.0,-53961.414802607294,798,0.006
mcts,alarm,alarm.xbif_,32,1250,50.0,0.0,0.0,-53961.414802607294,799,0.006
mcts,alarm,alarm.xbif_,32,1250,50.0,0.0,0.0,-53961.414802607294,800,0.008
mcts,alarm,alarm.xbif_,32,1250,50.0,0.0,0.0,-53961.414802607294,801,0.017
mcts,alarm,alarm.xbif_,32,1250,50.0,0.0,0.0,-53961.414802607294,802,0.006
mcts,alarm,alarm.xbif_,32,1250,50.0,0.0,0.0,-53961.414802607294,803,0.006
mcts,alarm,alarm.xbif_,32,1250,50.0,0.0,0.0,-53961.414802607294,804,0.007
mcts,alarm,alarm.xbif_,32,1250,50.0,0.0,0.0,-53961.414802607294,805,0.006
mcts,alarm,alarm.xbif_,32,1250,50.0,0.0,0.0,-53961.414802607294,806,0.005
mcts,alarm,alarm.xbif_,32,1250,50.0,0.0,0.0,-53961.414802607294,807,0.009
mcts,alarm,alarm.xbif_,32,1250,50.0,0.0,0.0,-53961.414802607294,808,0.005
mcts,alarm,alarm.xbif_,32,1250,50.0,0.0,0.0,-53961.414802607294,809,0.006
mcts,alarm,alarm.xbif_,32,1250,50.0,0.0,0.0,-53961.414802607294,810,0.005
mcts,alarm,alarm.xbif_,32,1250,50.0,0.0,0.0,-53961.414802607294,811,0.011
mcts,alarm,alarm.xbif_,32,1250,50.0,0.0,0.0,-53961.414802607294,812,0.007
mcts,alarm,alarm.xbif_,32,1250,50.0,0.0,0.0,-53961.414802607294,813,0.006
mcts,alarm,alarm.xbif_,32,1250,50.0,0.0,0.0,-53961.414802607294,814,0.006
mcts,alarm,alarm.xbif_,32,1250,50.0,0.0,0.0,-53961.414802607294,815,0.005
mcts,alarm,alarm.xbif_,32,1250,50.0,0.0,0.0,-53961.414802607294,816,0.006
mcts,alarm,alarm.xbif_,32,1250,50.0,0.0,0.0,-53961.414802607294,817,0.007
mcts,alarm,alarm.xbif_,32,1250,50.0,0.0,0.0,-53961.414802607294,818,0.006
mcts,alarm,alarm.xbif_,32,1250,50.0,0.0,0.0,-53961.414802607294,819,0.006
mcts,alarm,alarm.xbif_,32,1250,50.0,0.0,0.0,-53961.414802607294,820,0.006
mcts,alarm,alarm.xbif_,32,1250,50.0,0.0,0.0,-53961.414802607294,821,0.006
mcts,alarm,alarm.xbif_,32,1250,50.0,0.0,0.0,-53961.414802607294,822,0.007
mcts,alarm,alarm.xbif_,32,1250,50.0,0.0,0.0,-53961.414802607294,823,0.006
mcts,alarm,alarm.xbif_,32,1250,50.0,0.0,0.0,-53961.414802607294,824,0.009
mcts,alarm,alarm.xbif_,32,1250,50.0,0.0,0.0,-53961.414802607294,825,0.008
mcts,alarm,alarm.xbif_,32,1250,50.0,0.0,0.0,-53961.414802607294,826,0.006
mcts,alarm,alarm.xbif_,32,1250,50.0,0.0,0.0,-53961.414802607294,827,0.006
mcts,alarm,alarm.xbif_,32,1250,50.0,0.0,0.0,-53961.414802607294,828,0.008
mcts,alarm,alarm.xbif_,32,1250,50.0,0.0,0.0,-53961.414802607294,829,0.006
mcts,alarm,alarm.xbif_,32,1250,50.0,0.0,0.0,-53961.414802607294,830,0.009
mcts,alarm,alarm.xbif_,32,1250,50.0,0.0,0.0,-53961.414802607294,831,0.006
mcts,alarm,alarm.xbif_,32,1250,50.0,0.0,0.0,-53961.414802607294,832,0.006
mcts,alarm,alarm.xbif_,32,1250,50.0,0.0,0.0,-53961.414802607294,833,0.006
mcts,alarm,alarm.xbif_,32,1250,50.0,0.0,0.0,-53961.414802607294,834,0.006
mcts,alarm,alarm.xbif_,32,1250,50.0,0.0,0.0,-53961.414802607294,835,0.007
mcts,alarm,alarm.xbif_,32,1250,50.0,0.0,0.0,-53961.414802607294,836,0.006
mcts,alarm,alarm.xbif_,32,1250,50.0,0.0,0.0,-53961.414802607294,837,0.005
mcts,alarm,alarm.xbif_,32,1250,50.0,0.0,0.0,-53961.414802607294,838,0.007
mcts,alarm,alarm.xbif_,32,1250,50.0,0.0,0.0,-53961.414802607294,839,0.006
mcts,alarm,alarm.xbif_,32,1250,50.0,0.0,0.0,-53961.414802607294,840,0.004
mcts,alarm,alarm.xbif_,32,1250,50.0,0.0,0.0,-53961.414802607294,841,0.004
mcts,alarm,alarm.xbif_,32,1250,50.0,0.0,0.0,-53961.414802607294,842,0.007
mcts,alarm,alarm.xbif_,32,1250,50.0,0.0,0.0,-53961.414802607294,843,0.004
mcts,alarm,alarm.xbif_,32,1250,50.0,0.0,0.0,-53961.414802607294,844,0.005
mcts,alarm,alarm.xbif_,32,1250,50.0,0.0,0.0,-53961.414802607294,845,0.005
mcts,alarm,alarm.xbif_,32,1250,50.0,0.0,0.0,-53961.414802607294,846,0.008
mcts,alarm,alarm.xbif_,32,1250,50.0,0.0,0.0,-53961.414802607294,847,0.008
mcts,alarm,alarm.xbif_,32,1250,50.0,0.0,0.0,-53961.414802607294,848,0.007
mcts,alarm,alarm.xbif_,32,1250,50.0,0.0,0.0,-53961.414802607294,849,0.009
mcts,alarm,alarm.xbif_,32,1250,50.0,0.0,0.0,-53961.414802607294,850,0.007
mcts,alarm,alarm.xbif_,32,1250,50.0,0.0,0.0,-53961.414802607294,851,0.006
mcts,alarm,alarm.xbif_,32,1250,50.0,0.0,0.0,-53961.414802607294,852,0.005
mcts,alarm,alarm.xbif_,32,1250,50.0,0.0,0.0,-53961.414802607294,853,0.007
mcts,alarm,alarm.xbif_,32,1250,50.0,0.0,0.0,-53961.414802607294,854,0.008
mcts,alarm,alarm.xbif_,32,1250,50.0,0.0,0.0,-53961.414802607294,855,0.005
mcts,alarm,alarm.xbif_,32,1250,50.0,0.0,0.0,-53961.414802607294,856,0.008
mcts,alarm,alarm.xbif_,32,1250,50.0,0.0,0.0,-53961.414802607294,857,0.007
mcts,alarm,alarm.xbif_,32,1250,50.0,0.0,0.0,-53961.414802607294,858,0.006
mcts,alarm,alarm.xbif_,32,1250,50.0,0.0,0.0,-53961.414802607294,859,0.005
mcts,alarm,alarm.xbif_,32,1250,50.0,0.0,0.0,-53961.414802607294,860,0.007
mcts,alarm,alarm.xbif_,32,1250,50.0,0.0,0.0,-53961.414802607294,861,0.009
mcts,alarm,alarm.xbif_,32,1250,50.0,0.0,0.0,-53961.414802607294,862,0.005
mcts,alarm,alarm.xbif_,32,1250,50.0,0.0,0.0,-53961.414802607294,863,0.009
mcts,alarm,alarm.xbif_,32,1250,50.0,0.0,0.0,-53961.414802607294,864,0.008
mcts,alarm,alarm.xbif_,32,1250,50.0,0.0,0.0,-53961.414802607294,865,0.006
mcts,alarm,alarm.xbif_,32,1250,50.0,0.0,0.0,-53961.414802607294,866,0.014
mcts,alarm,alarm.xbif_,32,1250,50.0,0.0,0.0,-53961.414802607294,867,0.007
mcts,alarm,alarm.xbif_,32,1250,50.0,0.0,0.0,-53961.414802607294,868,0.004
mcts,alarm,alarm.xbif_,32,1250,50.0,0.0,0.0,-53961.414802607294,869,0.006
mcts,alarm,alarm.xbif_,32,1250,50.0,0.0,0.0,-53961.414802607294,870,0.005
mcts,alarm,alarm.xbif_,32,1250,50.0,0.0,0.0,-53961.414802607294,871,0.009
mcts,alarm,alarm.xbif_,32,1250,50.0,0.0,0.0,-53961.414802607294,872,0.007
mcts,alarm,alarm.xbif_,32,1250,50.0,0.0,0.0,-53961.414802607294,873,0.006
mcts,alarm,alarm.xbif_,32,1250,50.0,0.0,0.0,-53961.414802607294,874,0.007
mcts,alarm,alarm.xbif_,32,1250,50.0,0.0,0.0,-53961.414802607294,875,0.007
mcts,alarm,alarm.xbif_,32,1250,50.0,0.0,0.0,-53961.414802607294,876,0.011
mcts,alarm,alarm.xbif_,32,1250,50.0,0.0,0.0,-53961.414802607294,877,0.007
mcts,alarm,alarm.xbif_,32,1250,50.0,0.0,0.0,-53961.414802607294,878,0.012
mcts,alarm,alarm.xbif_,32,1250,50.0,0.0,0.0,-53961.414802607294,879,0.005
mcts,alarm,alarm.xbif_,32,1250,50.0,0.0,0.0,-53961.414802607294,880,0.006
mcts,alarm,alarm.xbif_,32,1250,50.0,0.0,0.0,-53961.414802607294,881,0.009
mcts,alarm,alarm.xbif_,32,1250,50.0,0.0,0.0,-53961.414802607294,882,0.006
mcts,alarm,alarm.xbif_,32,1250,50.0,0.0,0.0,-53961.414802607294,883,0.008
mcts,alarm,alarm.xbif_,32,1250,50.0,0.0,0.0,-53961.414802607294,884,0.005
mcts,alarm,alarm.xbif_,32,1250,50.0,0.0,0.0,-53961.414802607294,885,0.006
mcts,alarm,alarm.xbif_,32,1250,50.0,0.0,0.0,-53961.414802607294,886,0.008
mcts,alarm,alarm.xbif_,32,1250,50.0,0.0,0.0,-53961.414802607294,887,0.006
mcts,alarm,alarm.xbif_,32,1250,50.0,0.0,0.0,-53961.414802607294,888,0.011
mcts,alarm,alarm.xbif_,32,1250,50.0,0.0,0.0,-53961.414802607294,889,0.007
mcts,alarm,alarm.xbif_,32,1250,50.0,0.0,0.0,-53961.414802607294,890,0.004
mcts,alarm,alarm.xbif_,32,1250,50.0,0.0,0.0,-53961.414802607294,891,0.006
mcts,alarm,alarm.xbif_,32,1250,50.0,0.0,0.0,-53961.414802607294,892,0.01
mcts,alarm,alarm.xbif_,32,1250,50.0,0.0,0.0,-53961.414802607294,893,0.005
mcts,alarm,alarm.xbif_,32,1250,50.0,0.0,0.0,-53961.414802607294,894,0.004
mcts,alarm,alarm.xbif_,32,1250,50.0,0.0,0.0,-53961.414802607294,895,0.006
mcts,alarm,alarm.xbif_,32,1250,50.0,0.0,0.0,-53961.414802607294,896,0.005
mcts,alarm,alarm.xbif_,32,1250,50.0,0.0,0.0,-53961.414802607294,897,0.006
mcts,alarm,alarm.xbif_,32,1250,50.0,0.0,0.0,-53961.414802607294,898,0.006
mcts,alarm,alarm.xbif_,32,1250,50.0,0.0,0.0,-53961.414802607294,899,0.005
mcts,alarm,alarm.xbif_,32,1250,50.0,0.0,0.0,-53961.414802607294,900,0.006
mcts,alarm,alarm.xbif_,32,1250,50.0,0.0,0.0,-53961.414802607294,901,0.006
mcts,alarm,alarm.xbif_,32,1250,50.0,0.0,0.0,-53961.414802607294,902,0.008
mcts,alarm,alarm.xbif_,32,1250,50.0,0.0,0.0,-53961.414802607294,903,0.004
mcts,alarm,alarm.xbif_,32,1250,50.0,0.0,0.0,-53961.414802607294,904,0.007
mcts,alarm,alarm.xbif_,32,1250,50.0,0.0,0.0,-53961.414802607294,905,0.006
mcts,alarm,alarm.xbif_,32,1250,50.0,0.0,0.0,-53961.414802607294,906,0.007
mcts,alarm,alarm.xbif_,32,1250,50.0,0.0,0.0,-53961.414802607294,907,0.009
mcts,alarm,alarm.xbif_,32,1250,50.0,0.0,0.0,-53961.414802607294,908,0.007
mcts,alarm,alarm.xbif_,32,1250,50.0,0.0,0.0,-53961.414802607294,909,0.007
mcts,alarm,alarm.xbif_,32,1250,50.0,0.0,0.0,-53961.414802607294,910,0.007
mcts,alarm,alarm.xbif_,32,1250,50.0,0.0,0.0,-53961.414802607294,911,0.005
mcts,alarm,alarm.xbif_,32,1250,50.0,0.0,0.0,-53961.414802607294,912,0.006
mcts,alarm,alarm.xbif_,32,1250,50.0,0.0,0.0,-53961.414802607294,913,0.004
mcts,alarm,alarm.xbif_,32,1250,50.0,0.0,0.0,-53961.414802607294,914,0.005
mcts,alarm,alarm.xbif_,32,1250,50.0,0.0,0.0,-53961.414802607294,915,0.008
mcts,alarm,alarm.xbif_,32,1250,50.0,0.0,0.0,-53961.414802607294,916,0.012
mcts,alarm,alarm.xbif_,32,1250,50.0,0.0,0.0,-53961.414802607294,917,0.008
mcts,alarm,alarm.xbif_,32,1250,50.0,0.0,0.0,-53961.414802607294,918,0.008
mcts,alarm,alarm.xbif_,32,1250,50.0,0.0,0.0,-53961.414802607294,919,0.009
mcts,alarm,alarm.xbif_,32,1250,50.0,0.0,0.0,-53961.414802607294,920,0.007
mcts,alarm,alarm.xbif_,32,1250,50.0,0.0,0.0,-53961.414802607294,921,0.011
mcts,alarm,alarm.xbif_,32,1250,50.0,0.0,0.0,-53961.414802607294,922,0.005
mcts,alarm,alarm.xbif_,32,1250,50.0,0.0,0.0,-53961.414802607294,923,0.004
mcts,alarm,alarm.xbif_,32,1250,50.0,0.0,0.0,-53961.414802607294,924,0.01
mcts,alarm,alarm.xbif_,32,1250,50.0,0.0,0.0,-53961.414802607294,925,0.006
mcts,alarm,alarm.xbif_,32,1250,50.0,0.0,0.0,-53961.414802607294,926,0.006
mcts,alarm,alarm.xbif_,32,1250,50.0,0.0,0.0,-53961.414802607294,927,0.003
mcts,alarm,alarm.xbif_,32,1250,50.0,0.0,0.0,-53961.414802607294,928,0.006
mcts,alarm,alarm.xbif_,32,1250,50.0,0.0,0.0,-53961.414802607294,929,0.005
mcts,alarm,alarm.xbif_,32,1250,50.0,0.0,0.0,-53961.414802607294,930,0.007
mcts,alarm,alarm.xbif_,32,1250,50.0,0.0,0.0,-53961.414802607294,931,0.008
mcts,alarm,alarm.xbif_,32,1250,50.0,0.0,0.0,-53961.414802607294,932,0.005
mcts,alarm,alarm.xbif_,32,1250,50.0,0.0,0.0,-53961.414802607294,933,0.007
mcts,alarm,alarm.xbif_,32,1250,50.0,0.0,0.0,-53961.414802607294,934,0.007
mcts,alarm,alarm.xbif_,32,1250,50.0,0.0,0.0,-53961.414802607294,935,0.006
mcts,alarm,alarm.xbif_,32,1250,50.0,0.0,0.0,-53961.414802607294,936,0.004
mcts,alarm,alarm.xbif_,32,1250,50.0,0.0,0.0,-53961.414802607294,937,0.007
mcts,alarm,alarm.xbif_,32,1250,50.0,0.0,0.0,-53961.414802607294,938,0.006
mcts,alarm,alarm.xbif_,32,1250,50.0,0.0,0.0,-53961.414802607294,939,0.005
mcts,alarm,alarm.xbif_,32,1250,50.0,0.0,0.0,-53961.414802607294,940,0.005
mcts,alarm,alarm.xbif_,32,1250,50.0,0.0,0.0,-53961.414802607294,941,0.005
mcts,alarm,alarm.xbif_,32,1250,50.0,0.0,0.0,-53961.414802607294,942,0.007
mcts,alarm,alarm.xbif_,32,1250,50.0,0.0,0.0,-53961.414802607294,943,0.005
mcts,alarm,alarm.xbif_,32,1250,50.0,0.0,0.0,-53961.414802607294,944,0.006
mcts,alarm,alarm.xbif_,32,1250,50.0,0.0,0.0,-53961.414802607294,945,0.005
mcts,alarm,alarm.xbif_,32,1250,50.0,0.0,0.0,-53961.414802607294,946,0.007
mcts,alarm,alarm.xbif_,32,1250,50.0,0.0,0.0,-53961.414802607294,947,0.006
mcts,alarm,alarm.xbif_,32,1250,50.0,0.0,0.0,-53961.414802607294,948,0.006
mcts,alarm,alarm.xbif_,32,1250,50.0,0.0,0.0,-53961.414802607294,949,0.007
mcts,alarm,alarm.xbif_,32,1250,50.0,0.0,0.0,-53961.414802607294,950,0.004
mcts,alarm,alarm.xbif_,32,1250,50.0,0.0,0.0,-53961.414802607294,951,0.003
mcts,alarm,alarm.xbif_,32,1250,50.0,0.0,0.0,-53961.414802607294,952,0.006
mcts,alarm,alarm.xbif_,32,1250,50.0,0.0,0.0,-53961.414802607294,953,0.005
mcts,alarm,alarm.xbif_,32,1250,50.0,0.0,0.0,-53961.414802607294,954,0.006
mcts,alarm,alarm.xbif_,32,1250,50.0,0.0,0.0,-53961.414802607294,955,0.006
mcts,alarm,alarm.xbif_,32,1250,50.0,0.0,0.0,-53961.414802607294,956,0.039
mcts,alarm,alarm.xbif_,32,1250,50.0,0.0,0.0,-53961.414802607294,957,0.008
mcts,alarm,alarm.xbif_,32,1250,50.0,0.0,0.0,-53961.414802607294,958,0.004
mcts,alarm,alarm.xbif_,32,1250,50.0,0.0,0.0,-53961.414802607294,959,0.007
mcts,alarm,alarm.xbif_,32,1250,50.0,0.0,0.0,-53961.414802607294,960,0.011
mcts,alarm,alarm.xbif_,32,1250,50.0,0.0,0.0,-53961.414802607294,961,0.007
mcts,alarm,alarm.xbif_,32,1250,50.0,0.0,0.0,-53961.414802607294,962,0.007
mcts,alarm,alarm.xbif_,32,1250,50.0,0.0,0.0,-53961.414802607294,963,0.005
mcts,alarm,alarm.xbif_,32,1250,50.0,0.0,0.0,-53961.414802607294,964,0.007
mcts,alarm,alarm.xbif_,32,1250,50.0,0.0,0.0,-53961.414802607294,965,0.005
mcts,alarm,alarm.xbif_,32,1250,50.0,0.0,0.0,-53961.414802607294,966,0.008
mcts,alarm,alarm.xbif_,32,1250,50.0,0.0,0.0,-53961.414802607294,967,0.005
mcts,alarm,alarm.xbif_,32,1250,50.0,0.0,0.0,-53961.414802607294,968,0.005
mcts,alarm,alarm.xbif_,32,1250,50.0,0.0,0.0,-53961.414802607294,969,0.005
mcts,alarm,alarm.xbif_,32,1250,50.0,0.0,0.0,-53961.414802607294,970,0.006
mcts,alarm,alarm.xbif_,32,1250,50.0,0.0,0.0,-53961.414802607294,971,0.005
mcts,alarm,alarm.xbif_,32,1250,50.0,0.0,0.0,-53961.414802607294,972,0.006
mcts,alarm,alarm.xbif_,32,1250,50.0,0.0,0.0,-53961.414802607294,973,0.005
mcts,alarm,alarm.xbif_,32,1250,50.0,0.0,0.0,-53961.414802607294,974,0.008
mcts,alarm,alarm.xbif_,32,1250,50.0,0.0,0.0,-53961.414802607294,975,0.006
mcts,alarm,alarm.xbif_,32,1250,50.0,0.0,0.0,-53961.414802607294,976,0.015
mcts,alarm,alarm.xbif_,32,1250,50.0,0.0,0.0,-53961.414802607294,977,0.007
mcts,alarm,alarm.xbif_,32,1250,50.0,0.0,0.0,-53961.414802607294,978,0.007
mcts,alarm,alarm.xbif_,32,1250,50.0,0.0,0.0,-53961.414802607294,979,0.006
mcts,alarm,alarm.xbif_,32,1250,50.0,0.0,0.0,-53961.414802607294,980,0.006
mcts,alarm,alarm.xbif_,32,1250,50.0,0.0,0.0,-53961.414802607294,981,0.008
mcts,alarm,alarm.xbif_,32,1250,50.0,0.0,0.0,-53961.414802607294,982,0.01
mcts,alarm,alarm.xbif_,32,1250,50.0,0.0,0.0,-53961.414802607294,983,0.006
mcts,alarm,alarm.xbif_,32,1250,50.0,0.0,0.0,-53961.414802607294,984,0.007
mcts,alarm,alarm.xbif_,32,1250,50.0,0.0,0.0,-53961.414802607294,985,0.008
mcts,alarm,alarm.xbif_,32,1250,50.0,0.0,0.0,-53961.414802607294,986,0.006
mcts,alarm,alarm.xbif_,32,1250,50.0,0.0,0.0,-53961.414802607294,987,0.007
mcts,alarm,alarm.xbif_,32,1250,50.0,0.0,0.0,-53961.414802607294,988,0.008
mcts,alarm,alarm.xbif_,32,1250,50.0,0.0,0.0,-53961.414802607294,989,0.006
mcts,alarm,alarm.xbif_,32,1250,50.0,0.0,0.0,-53961.414802607294,990,0.006
mcts,alarm,alarm.xbif_,32,1250,50.0,0.0,0.0,-53961.414802607294,991,0.007
mcts,alarm,alarm.xbif_,32,1250,50.0,0.0,0.0,-53961.414802607294,992,0.007
mcts,alarm,alarm.xbif_,32,1250,50.0,0.0,0.0,-53961.414802607294,993,0.007
mcts,alarm,alarm.xbif_,32,1250,50.0,0.0,0.0,-53961.414802607294,994,0.009
mcts,alarm,alarm.xbif_,32,1250,50.0,0.0,0.0,-53961.414802607294,995,0.011
mcts,alarm,alarm.xbif_,32,1250,50.0,0.0,0.0,-53961.414802607294,996,0.007
mcts,alarm,alarm.xbif_,32,1250,50.0,0.0,0.0,-53961.414802607294,997,0.005
mcts,alarm,alarm.xbif_,32,1250,50.0,0.0,0.0,-53961.414802607294,998,0.007
mcts,alarm,alarm.xbif_,32,1250,50.0,0.0,0.0,-53961.414802607294,999,0.006
mcts,alarm,alarm.xbif_,32,1250,50.0,0.0,0.0,-53961.414802607294,1000,0.008
mcts,alarm,alarm.xbif_,32,1250,50.0,0.0,0.0,-53961.414802607294,1001,0.008
mcts,alarm,alarm.xbif_,32,1250,50.0,0.0,0.0,-53961.414802607294,1002,0.006
mcts,alarm,alarm.xbif_,32,1250,50.0,0.0,0.0,-53961.414802607294,1003,0.007
mcts,alarm,alarm.xbif_,32,1250,50.0,0.0,0.0,-53961.414802607294,1004,0.007
mcts,alarm,alarm.xbif_,32,1250,50.0,0.0,0.0,-53961.414802607294,1005,0.005
mcts,alarm,alarm.xbif_,32,1250,50.0,0.0,0.0,-53961.414802607294,1006,0.004
mcts,alarm,alarm.xbif_,32,1250,50.0,0.0,0.0,-53961.414802607294,1007,0.006
mcts,alarm,alarm.xbif_,32,1250,50.0,0.0,0.0,-53961.414802607294,1008,0.004
mcts,alarm,alarm.xbif_,32,1250,50.0,0.0,0.0,-53961.414802607294,1009,0.016
mcts,alarm,alarm.xbif_,32,1250,50.0,0.0,0.0,-53961.414802607294,1010,0.007
mcts,alarm,alarm.xbif_,32,1250,50.0,0.0,0.0,-53961.414802607294,1011,0.006
mcts,alarm,alarm.xbif_,32,1250,50.0,0.0,0.0,-53961.414802607294,1012,0.011
mcts,alarm,alarm.xbif_,32,1250,50.0,0.0,0.0,-53961.414802607294,1013,0.006
mcts,alarm,alarm.xbif_,32,1250,50.0,0.0,0.0,-53961.414802607294,1014,0.006
mcts,alarm,alarm.xbif_,32,1250,50.0,0.0,0.0,-53961.414802607294,1015,0.008
mcts,alarm,alarm.xbif_,32,1250,50.0,0.0,0.0,-53961.414802607294,1016,0.012
mcts,alarm,alarm.xbif_,32,1250,50.0,0.0,0.0,-53961.414802607294,1017,0.011
mcts,alarm,alarm.xbif_,32,1250,50.0,0.0,0.0,-53961.414802607294,1018,0.006
mcts,alarm,alarm.xbif_,32,1250,50.0,0.0,0.0,-53961.414802607294,1019,0.006
mcts,alarm,alarm.xbif_,32,1250,50.0,0.0,0.0,-53961.414802607294,1020,0.005
mcts,alarm,alarm.xbif_,32,1250,50.0,0.0,0.0,-53961.414802607294,1021,0.007
mcts,alarm,alarm.xbif_,32,1250,50.0,0.0,0.0,-53961.414802607294,1022,0.008
mcts,alarm,alarm.xbif_,32,1250,50.0,0.0,0.0,-53961.414802607294,1023,0.007
mcts,alarm,alarm.xbif_,32,1250,50.0,0.0,0.0,-53961.414802607294,1024,0.009
mcts,alarm,alarm.xbif_,32,1250,50.0,0.0,0.0,-53961.414802607294,1025,0.007
mcts,alarm,alarm.xbif_,32,1250,50.0,0.0,0.0,-53961.414802607294,1026,0.006
mcts,alarm,alarm.xbif_,32,1250,50.0,0.0,0.0,-53961.414802607294,1027,0.009
mcts,alarm,alarm.xbif_,32,1250,50.0,0.0,0.0,-53961.414802607294,1028,0.006
mcts,alarm,alarm.xbif_,32,1250,50.0,0.0,0.0,-53961.414802607294,1029,0.005
mcts,alarm,alarm.xbif_,32,1250,50.0,0.0,0.0,-53961.414802607294,1030,0.008
mcts,alarm,alarm.xbif_,32,1250,50.0,0.0,0.0,-53961.414802607294,1031,0.008
mcts,alarm,alarm.xbif_,32,1250,50.0,0.0,0.0,-53961.414802607294,1032,0.008
mcts,alarm,alarm.xbif_,32,1250,50.0,0.0,0.0,-53961.414802607294,1033,0.008
mcts,alarm,alarm.xbif_,32,1250,50.0,0.0,0.0,-53961.414802607294,1034,0.013
mcts,alarm,alarm.xbif_,32,1250,50.0,0.0,0.0,-53961.414802607294,1035,0.015
mcts,alarm,alarm.xbif_,32,1250,50.0,0.0,0.0,-53961.414802607294,1036,0.01
mcts,alarm,alarm.xbif_,32,1250,50.0,0.0,0.0,-53961.414802607294,1037,0.007
mcts,alarm,alarm.xbif_,32,1250,50.0,0.0,0.0,-53961.414802607294,1038,0.007
mcts,alarm,alarm.xbif_,32,1250,50.0,0.0,0.0,-53961.414802607294,1039,0.009
mcts,alarm,alarm.xbif_,32,1250,50.0,0.0,0.0,-53961.414802607294,1040,0.007
mcts,alarm,alarm.xbif_,32,1250,50.0,0.0,0.0,-53961.414802607294,1041,0.006
mcts,alarm,alarm.xbif_,32,1250,50.0,0.0,0.0,-53961.414802607294,1042,0.006
mcts,alarm,alarm.xbif_,32,1250,50.0,0.0,0.0,-53961.414802607294,1043,0.005
mcts,alarm,alarm.xbif_,32,1250,50.0,0.0,0.0,-53961.414802607294,1044,0.01
mcts,alarm,alarm.xbif_,32,1250,50.0,0.0,0.0,-53961.414802607294,1045,0.007
mcts,alarm,alarm.xbif_,32,1250,50.0,0.0,0.0,-53961.414802607294,1046,0.006
mcts,alarm,alarm.xbif_,32,1250,50.0,0.0,0.0,-53961.414802607294,1047,0.006
mcts,alarm,alarm.xbif_,32,1250,50.0,0.0,0.0,-53961.414802607294,1048,0.004
mcts,alarm,alarm.xbif_,32,1250,50.0,0.0,0.0,-53961.414802607294,1049,0.006
mcts,alarm,alarm.xbif_,32,1250,50.0,0.0,0.0,-53961.414802607294,1050,0.004
mcts,alarm,alarm.xbif_,32,1250,50.0,0.0,0.0,-53961.414802607294,1051,0.005
mcts,alarm,alarm.xbif_,32,1250,50.0,0.0,0.0,-53961.414802607294,1052,0.006
mcts,alarm,alarm.xbif_,32,1250,50.0,0.0,0.0,-53961.414802607294,1053,0.003
mcts,alarm,alarm.xbif_,32,1250,50.0,0.0,0.0,-53961.414802607294,1054,0.004
mcts,alarm,alarm.xbif_,32,1250,50.0,0.0,0.0,-53961.414802607294,1055,0.005
mcts,alarm,alarm.xbif_,32,1250,50.0,0.0,0.0,-53961.414802607294,1056,0.005
mcts,alarm,alarm.xbif_,32,1250,50.0,0.0,0.0,-53961.414802607294,1057,0.004
mcts,alarm,alarm.xbif_,32,1250,50.0,0.0,0.0,-53961.414802607294,1058,0.004
mcts,alarm,alarm.xbif_,32,1250,50.0,0.0,0.0,-53961.414802607294,1059,0.005
mcts,alarm,alarm.xbif_,32,1250,50.0,0.0,0.0,-53961.414802607294,1060,0.005
mcts,alarm,alarm.xbif_,32,1250,50.0,0.0,0.0,-53961.414802607294,1061,0.004
mcts,alarm,alarm.xbif_,32,1250,50.0,0.0,0.0,-53961.414802607294,1062,0.011
mcts,alarm,alarm.xbif_,32,1250,50.0,0.0,0.0,-53961.414802607294,1063,0.006
mcts,alarm,alarm.xbif_,32,1250,50.0,0.0,0.0,-53961.414802607294,1064,0.008
mcts,alarm,alarm.xbif_,32,1250,50.0,0.0,0.0,-53961.414802607294,1065,0.005
mcts,alarm,alarm.xbif_,32,1250,50.0,0.0,0.0,-53961.414802607294,1066,0.006
mcts,alarm,alarm.xbif_,32,1250,50.0,0.0,0.0,-53961.414802607294,1067,0.005
mcts,alarm,alarm.xbif_,32,1250,50.0,0.0,0.0,-53961.414802607294,1068,0.004
mcts,alarm,alarm.xbif_,32,1250,50.0,0.0,0.0,-53961.414802607294,1069,0.006
mcts,alarm,alarm.xbif_,32,1250,50.0,0.0,0.0,-53961.414802607294,1070,0.005
mcts,alarm,alarm.xbif_,32,1250,50.0,0.0,0.0,-53961.414802607294,1071,0.005
mcts,alarm,alarm.xbif_,32,1250,50.0,0.0,0.0,-53961.414802607294,1072,0.004
mcts,alarm,alarm.xbif_,32,1250,50.0,0.0,0.0,-53961.414802607294,1073,0.005
mcts,alarm,alarm.xbif_,32,1250,50.0,0.0,0.0,-53961.414802607294,1074,0.005
mcts,alarm,alarm.xbif_,32,1250,50.0,0.0,0.0,-53961.414802607294,1075,0.005
mcts,alarm,alarm.xbif_,32,1250,50.0,0.0,0.0,-53961.414802607294,1076,0.007
mcts,alarm,alarm.xbif_,32,1250,50.0,0.0,0.0,-53961.414802607294,1077,0.017
mcts,alarm,alarm.xbif_,32,1250,50.0,0.0,0.0,-53961.414802607294,1078,0.007
mcts,alarm,alarm.xbif_,32,1250,50.0,0.0,0.0,-53961.414802607294,1079,0.005
mcts,alarm,alarm.xbif_,32,1250,50.0,0.0,0.0,-53961.414802607294,1080,0.006
mcts,alarm,alarm.xbif_,32,1250,50.0,0.0,0.0,-53961.414802607294,1081,0.007
mcts,alarm,alarm.xbif_,32,1250,50.0,0.0,0.0,-53961.414802607294,1082,0.005
mcts,alarm,alarm.xbif_,32,1250,50.0,0.0,0.0,-53961.414802607294,1083,0.007
mcts,alarm,alarm.xbif_,32,1250,50.0,0.0,0.0,-53961.414802607294,1084,0.004
mcts,alarm,alarm.xbif_,32,1250,50.0,0.0,0.0,-53961.414802607294,1085,0.006
mcts,alarm,alarm.xbif_,32,1250,50.0,0.0,0.0,-53961.414802607294,1086,0.006
mcts,alarm,alarm.xbif_,32,1250,50.0,0.0,0.0,-53961.414802607294,1087,0.004
mcts,alarm,alarm.xbif_,32,1250,50.0,0.0,0.0,-53961.414802607294,1088,0.005
mcts,alarm,alarm.xbif_,32,1250,50.0,0.0,0.0,-53961.414802607294,1089,0.008
mcts,alarm,alarm.xbif_,32,1250,50.0,0.0,0.0,-53961.414802607294,1090,0.006
mcts,alarm,alarm.xbif_,32,1250,50.0,0.0,0.0,-53961.414802607294,1091,0.004
mcts,alarm,alarm.xbif_,32,1250,50.0,0.0,0.0,-53961.414802607294,1092,0.009
mcts,alarm,alarm.xbif_,32,1250,50.0,0.0,0.0,-53961.414802607294,1093,0.006
mcts,alarm,alarm.xbif_,32,1250,50.0,0.0,0.0,-53961.414802607294,1094,0.007
mcts,alarm,alarm.xbif_,32,1250,50.0,0.0,0.0,-53961.414802607294,1095,0.005
mcts,alarm,alarm.xbif_,32,1250,50.0,0.0,0.0,-53961.414802607294,1096,0.005
mcts,alarm,alarm.xbif_,32,1250,50.0,0.0,0.0,-53961.414802607294,1097,0.008
mcts,alarm,alarm.xbif_,32,1250,50.0,0.0,0.0,-53961.414802607294,1098,0.005
mcts,alarm,alarm.xbif_,32,1250,50.0,0.0,0.0,-53961.414802607294,1099,0.007
mcts,alarm,alarm.xbif_,32,1250,50.0,0.0,0.0,-53961.414802607294,1100,0.004
mcts,alarm,alarm.xbif_,32,1250,50.0,0.0,0.0,-53961.414802607294,1101,0.005
mcts,alarm,alarm.xbif_,32,1250,50.0,0.0,0.0,-53961.414802607294,1102,0.006
mcts,alarm,alarm.xbif_,32,1250,50.0,0.0,0.0,-53961.414802607294,1103,0.007
mcts,alarm,alarm.xbif_,32,1250,50.0,0.0,0.0,-53961.414802607294,1104,0.004
mcts,alarm,alarm.xbif_,32,1250,50.0,0.0,0.0,-53961.414802607294,1105,0.006
mcts,alarm,alarm.xbif_,32,1250,50.0,0.0,0.0,-53961.414802607294,1106,0.007
mcts,alarm,alarm.xbif_,32,1250,50.0,0.0,0.0,-53961.414802607294,1107,0.006
mcts,alarm,alarm.xbif_,32,1250,50.0,0.0,0.0,-53961.414802607294,1108,0.005
mcts,alarm,alarm.xbif_,32,1250,50.0,0.0,0.0,-53961.414802607294,1109,0.005
mcts,alarm,alarm.xbif_,32,1250,50.0,0.0,0.0,-53961.414802607294,1110,0.007
mcts,alarm,alarm.xbif_,32,1250,50.0,0.0,0.0,-53961.414802607294,1111,0.007
mcts,alarm,alarm.xbif_,32,1250,50.0,0.0,0.0,-53961.414802607294,1112,0.006
mcts,alarm,alarm.xbif_,32,1250,50.0,0.0,0.0,-53961.414802607294,1113,0.005
mcts,alarm,alarm.xbif_,32,1250,50.0,0.0,0.0,-53961.414802607294,1114,0.014
mcts,alarm,alarm.xbif_,32,1250,50.0,0.0,0.0,-53961.414802607294,1115,0.006
mcts,alarm,alarm.xbif_,32,1250,50.0,0.0,0.0,-53961.414802607294,1116,0.009
mcts,alarm,alarm.xbif_,32,1250,50.0,0.0,0.0,-53961.414802607294,1117,0.006
mcts,alarm,alarm.xbif_,32,1250,50.0,0.0,0.0,-53961.414802607294,1118,0.016
mcts,alarm,alarm.xbif_,32,1250,50.0,0.0,0.0,-53961.414802607294,1119,0.006
mcts,alarm,alarm.xbif_,32,1250,50.0,0.0,0.0,-53961.414802607294,1120,0.005
mcts,alarm,alarm.xbif_,32,1250,50.0,0.0,0.0,-53961.414802607294,1121,0.007
mcts,alarm,alarm.xbif_,32,1250,50.0,0.0,0.0,-53961.414802607294,1122,0.005
mcts,alarm,alarm.xbif_,32,1250,50.0,0.0,0.0,-53961.414802607294,1123,0.005
mcts,alarm,alarm.xbif_,32,1250,50.0,0.0,0.0,-53961.414802607294,1124,0.005
mcts,alarm,alarm.xbif_,32,1250,50.0,0.0,0.0,-53961.414802607294,1125,0.005
mcts,alarm,alarm.xbif_,32,1250,50.0,0.0,0.0,-53961.414802607294,1126,0.007
mcts,alarm,alarm.xbif_,32,1250,50.0,0.0,0.0,-53961.414802607294,1127,0.007
mcts,alarm,alarm.xbif_,32,1250,50.0,0.0,0.0,-53961.414802607294,1128,0.008
mcts,alarm,alarm.xbif_,32,1250,50.0,0.0,0.0,-53961.414802607294,1129,0.005
mcts,alarm,alarm.xbif_,32,1250,50.0,0.0,0.0,-53961.414802607294,1130,0.007
mcts,alarm,alarm.xbif_,32,1250,50.0,0.0,0.0,-53961.414802607294,1131,0.007
mcts,alarm,alarm.xbif_,32,1250,50.0,0.0,0.0,-53961.414802607294,1132,0.007
mcts,alarm,alarm.xbif_,32,1250,50.0,0.0,0.0,-53961.414802607294,1133,0.024
mcts,alarm,alarm.xbif_,32,1250,50.0,0.0,0.0,-53961.414802607294,1134,0.009
mcts,alarm,alarm.xbif_,32,1250,50.0,0.0,0.0,-53961.414802607294,1135,0.006
mcts,alarm,alarm.xbif_,32,1250,50.0,0.0,0.0,-53961.414802607294,1136,0.006
mcts,alarm,alarm.xbif_,32,1250,50.0,0.0,0.0,-53961.414802607294,1137,0.007
mcts,alarm,alarm.xbif_,32,1250,50.0,0.0,0.0,-53961.414802607294,1138,0.007
mcts,alarm,alarm.xbif_,32,1250,50.0,0.0,0.0,-53961.414802607294,1139,0.006
mcts,alarm,alarm.xbif_,32,1250,50.0,0.0,0.0,-53961.414802607294,1140,0.006
mcts,alarm,alarm.xbif_,32,1250,50.0,0.0,0.0,-53961.414802607294,1141,0.004
mcts,alarm,alarm.xbif_,32,1250,50.0,0.0,0.0,-53961.414802607294,1142,0.005
mcts,alarm,alarm.xbif_,32,1250,50.0,0.0,0.0,-53961.414802607294,1143,0.005
mcts,alarm,alarm.xbif_,32,1250,50.0,0.0,0.0,-53961.414802607294,1144,0.006
mcts,alarm,alarm.xbif_,32,1250,50.0,0.0,0.0,-53961.414802607294,1145,0.009
mcts,alarm,alarm.xbif_,32,1250,50.0,0.0,0.0,-53961.414802607294,1146,0.006
mcts,alarm,alarm.xbif_,32,1250,50.0,0.0,0.0,-53961.414802607294,1147,0.006
mcts,alarm,alarm.xbif_,32,1250,50.0,0.0,0.0,-53961.414802607294,1148,0.007
mcts,alarm,alarm.xbif_,32,1250,50.0,0.0,0.0,-53961.414802607294,1149,0.006
mcts,alarm,alarm.xbif_,32,1250,50.0,0.0,0.0,-53961.414802607294,1150,0.008
mcts,alarm,alarm.xbif_,32,1250,50.0,0.0,0.0,-53961.414802607294,1151,0.007
mcts,alarm,alarm.xbif_,32,1250,50.0,0.0,0.0,-53961.414802607294,1152,0.007
mcts,alarm,alarm.xbif_,32,1250,50.0,0.0,0.0,-53961.414802607294,1153,0.008
mcts,alarm,alarm.xbif_,32,1250,50.0,0.0,0.0,-53961.414802607294,1154,0.006
mcts,alarm,alarm.xbif_,32,1250,50.0,0.0,0.0,-53961.414802607294,1155,0.006
mcts,alarm,alarm.xbif_,32,1250,50.0,0.0,0.0,-53961.414802607294,1156,0.01
mcts,alarm,alarm.xbif_,32,1250,50.0,0.0,0.0,-53961.414802607294,1157,0.006
mcts,alarm,alarm.xbif_,32,1250,50.0,0.0,0.0,-53961.414802607294,1158,0.007
mcts,alarm,alarm.xbif_,32,1250,50.0,0.0,0.0,-53961.414802607294,1159,0.005
mcts,alarm,alarm.xbif_,32,1250,50.0,0.0,0.0,-53961.414802607294,1160,0.006
mcts,alarm,alarm.xbif_,32,1250,50.0,0.0,0.0,-53961.414802607294,1161,0.005
mcts,alarm,alarm.xbif_,32,1250,50.0,0.0,0.0,-53961.414802607294,1162,0.004
mcts,alarm,alarm.xbif_,32,1250,50.0,0.0,0.0,-53961.414802607294,1163,0.005
mcts,alarm,alarm.xbif_,32,1250,50.0,0.0,0.0,-53961.414802607294,1164,0.006
mcts,alarm,alarm.xbif_,32,1250,50.0,0.0,0.0,-53961.414802607294,1165,0.008
mcts,alarm,alarm.xbif_,32,1250,50.0,0.0,0.0,-53961.414802607294,1166,0.005
mcts,alarm,alarm.xbif_,32,1250,50.0,0.0,0.0,-53961.414802607294,1167,0.007
mcts,alarm,alarm.xbif_,32,1250,50.0,0.0,0.0,-53961.414802607294,1168,0.008
mcts,alarm,alarm.xbif_,32,1250,50.0,0.0,0.0,-53961.414802607294,1169,0.006
mcts,alarm,alarm.xbif_,32,1250,50.0,0.0,0.0,-53961.414802607294,1170,0.005
mcts,alarm,alarm.xbif_,32,1250,50.0,0.0,0.0,-53961.414802607294,1171,0.007
mcts,alarm,alarm.xbif_,32,1250,50.0,0.0,0.0,-53961.414802607294,1172,0.005
mcts,alarm,alarm.xbif_,32,1250,50.0,0.0,0.0,-53961.414802607294,1173,0.005
mcts,alarm,alarm.xbif_,32,1250,50.0,0.0,0.0,-53961.414802607294,1174,0.006
mcts,alarm,alarm.xbif_,32,1250,50.0,0.0,0.0,-53961.414802607294,1175,0.006
mcts,alarm,alarm.xbif_,32,1250,50.0,0.0,0.0,-53961.414802607294,1176,0.007
mcts,alarm,alarm.xbif_,32,1250,50.0,0.0,0.0,-53961.414802607294,1177,0.006
mcts,alarm,alarm.xbif_,32,1250,50.0,0.0,0.0,-53961.414802607294,1178,0.004
mcts,alarm,alarm.xbif_,32,1250,50.0,0.0,0.0,-53961.414802607294,1179,0.007
mcts,alarm,alarm.xbif_,32,1250,50.0,0.0,0.0,-53961.414802607294,1180,0.009
mcts,alarm,alarm.xbif_,32,1250,50.0,0.0,0.0,-53961.414802607294,1181,0.012
mcts,alarm,alarm.xbif_,32,1250,50.0,0.0,0.0,-53961.414802607294,1182,0.013
mcts,alarm,alarm.xbif_,32,1250,50.0,0.0,0.0,-53961.414802607294,1183,0.006
mcts,alarm,alarm.xbif_,32,1250,50.0,0.0,0.0,-53961.414802607294,1184,0.008
mcts,alarm,alarm.xbif_,32,1250,50.0,0.0,0.0,-53961.414802607294,1185,0.006
mcts,alarm,alarm.xbif_,32,1250,50.0,0.0,0.0,-53961.414802607294,1186,0.008
mcts,alarm,alarm.xbif_,32,1250,50.0,0.0,0.0,-53961.414802607294,1187,0.006
mcts,alarm,alarm.xbif_,32,1250,50.0,0.0,0.0,-53961.414802607294,1188,0.008
mcts,alarm,alarm.xbif_,32,1250,50.0,0.0,0.0,-53961.414802607294,1189,0.008
mcts,alarm,alarm.xbif_,32,1250,50.0,0.0,0.0,-53961.414802607294,1190,0.008
mcts,alarm,alarm.xbif_,32,1250,50.0,0.0,0.0,-53961.414802607294,1191,0.006
mcts,alarm,alarm.xbif_,32,1250,50.0,0.0,0.0,-53961.414802607294,1192,0.004
mcts,alarm,alarm.xbif_,32,1250,50.0,0.0,0.0,-53961.414802607294,1193,0.007
mcts,alarm,alarm.xbif_,32,1250,50.0,0.0,0.0,-53961.414802607294,1194,0.006
mcts,alarm,alarm.xbif_,32,1250,50.0,0.0,0.0,-53961.414802607294,1195,0.005
mcts,alarm,alarm.xbif_,32,1250,50.0,0.0,0.0,-53961.414802607294,1196,0.006
mcts,alarm,alarm.xbif_,32,1250,50.0,0.0,0.0,-53961.414802607294,1197,0.006
mcts,alarm,alarm.xbif_,32,1250,50.0,0.0,0.0,-53961.414802607294,1198,0.006
mcts,alarm,alarm.xbif_,32,1250,50.0,0.0,0.0,-53961.414802607294,1199,0.006
mcts,alarm,alarm.xbif_,32,1250,50.0,0.0,0.0,-53961.414802607294,1200,0.005
mcts,alarm,alarm.xbif_,32,1250,50.0,0.0,0.0,-53961.414802607294,1201,0.007
mcts,alarm,alarm.xbif_,32,1250,50.0,0.0,0.0,-53961.414802607294,1202,0.005
mcts,alarm,alarm.xbif_,32,1250,50.0,0.0,0.0,-53961.414802607294,1203,0.008
mcts,alarm,alarm.xbif_,32,1250,50.0,0.0,0.0,-53961.414802607294,1204,0.006
mcts,alarm,alarm.xbif_,32,1250,50.0,0.0,0.0,-53961.414802607294,1205,0.005
mcts,alarm,alarm.xbif_,32,1250,50.0,0.0,0.0,-53961.414802607294,1206,0.005
mcts,alarm,alarm.xbif_,32,1250,50.0,0.0,0.0,-53961.414802607294,1207,0.007
mcts,alarm,alarm.xbif_,32,1250,50.0,0.0,0.0,-53961.414802607294,1208,0.004
mcts,alarm,alarm.xbif_,32,1250,50.0,0.0,0.0,-53961.414802607294,1209,0.009
mcts,alarm,alarm.xbif_,32,1250,50.0,0.0,0.0,-53961.414802607294,1210,0.005
mcts,alarm,alarm.xbif_,32,1250,50.0,0.0,0.0,-53961.414802607294,1211,0.006
mcts,alarm,alarm.xbif_,32,1250,50.0,0.0,0.0,-53961.414802607294,1212,0.004
mcts,alarm,alarm.xbif_,32,1250,50.0,0.0,0.0,-53961.414802607294,1213,0.006
mcts,alarm,alarm.xbif_,32,1250,50.0,0.0,0.0,-53961.414802607294,1214,0.006
mcts,alarm,alarm.xbif_,32,1250,50.0,0.0,0.0,-53961.414802607294,1215,0.005
mcts,alarm,alarm.xbif_,32,1250,50.0,0.0,0.0,-53961.414802607294,1216,0.006
mcts,alarm,alarm.xbif_,32,1250,50.0,0.0,0.0,-53961.414802607294,1217,0.004
mcts,alarm,alarm.xbif_,32,1250,50.0,0.0,0.0,-53961.414802607294,1218,0.006
mcts,alarm,alarm.xbif_,32,1250,50.0,0.0,0.0,-53961.414802607294,1219,0.007
mcts,alarm,alarm.xbif_,32,1250,50.0,0.0,0.0,-53961.414802607294,1220,0.008
mcts,alarm,alarm.xbif_,32,1250,50.0,0.0,0.0,-53961.414802607294,1221,0.006
mcts,alarm,alarm.xbif_,32,1250,50.0,0.0,0.0,-53961.414802607294,1222,0.007
mcts,alarm,alarm.xbif_,32,1250,50.0,0.0,0.0,-53961.414802607294,1223,0.007
mcts,alarm,alarm.xbif_,32,1250,50.0,0.0,0.0,-53961.414802607294,1224,0.018
mcts,alarm,alarm.xbif_,32,1250,50.0,0.0,0.0,-53961.414802607294,1225,0.008
mcts,alarm,alarm.xbif_,32,1250,50.0,0.0,0.0,-53961.414802607294,1226,0.008
mcts,alarm,alarm.xbif_,32,1250,50.0,0.0,0.0,-53961.414802607294,1227,0.009
mcts,alarm,alarm.xbif_,32,1250,50.0,0.0,0.0,-53961.414802607294,1228,0.007
mcts,alarm,alarm.xbif_,32,1250,50.0,0.0,0.0,-53961.414802607294,1229,0.007
mcts,alarm,alarm.xbif_,32,1250,50.0,0.0,0.0,-53961.414802607294,1230,0.007
mcts,alarm,alarm.xbif_,32,1250,50.0,0.0,0.0,-53961.414802607294,1231,0.007
mcts,alarm,alarm.xbif_,32,1250,50.0,0.0,0.0,-53961.414802607294,1232,0.004
mcts,alarm,alarm.xbif_,32,1250,50.0,0.0,0.0,-53961.414802607294,1233,0.007
mcts,alarm,alarm.xbif_,32,1250,50.0,0.0,0.0,-53961.414802607294,1234,0.008
mcts,alarm,alarm.xbif_,32,1250,50.0,0.0,0.0,-53961.414802607294,1235,0.006
mcts,alarm,alarm.xbif_,32,1250,50.0,0.0,0.0,-53961.414802607294,1236,0.005
mcts,alarm,alarm.xbif_,32,1250,50.0,0.0,0.0,-53961.414802607294,1237,0.005
mcts,alarm,alarm.xbif_,32,1250,50.0,0.0,0.0,-53961.414802607294,1238,0.006
mcts,alarm,alarm.xbif_,32,1250,50.0,0.0,0.0,-53961.414802607294,1239,0.008
mcts,alarm,alarm.xbif_,32,1250,50.0,0.0,0.0,-53961.414802607294,1240,0.008
mcts,alarm,alarm.xbif_,32,1250,50.0,0.0,0.0,-53961.414802607294,1241,0.005
mcts,alarm,alarm.xbif_,32,1250,50.0,0.0,0.0,-53961.414802607294,1242,0.006
mcts,alarm,alarm.xbif_,32,1250,50.0,0.0,0.0,-53961.414802607294,1243,0.007
mcts,alarm,alarm.xbif_,32,1250,50.0,0.0,0.0,-53961.414802607294,1244,0.005
mcts,alarm,alarm.xbif_,32,1250,50.0,0.0,0.0,-53961.414802607294,1245,0.005
mcts,alarm,alarm.xbif_,32,1250,50.0,0.0,0.0,-53961.414802607294,1246,0.006
mcts,alarm,alarm.xbif_,32,1250,50.0,0.0,0.0,-53961.414802607294,1247,0.005
mcts,alarm,alarm.xbif_,32,1250,50.0,0.0,0.0,-53961.414802607294,1248,0.014
mcts,alarm,alarm.xbif_,32,1250,50.0,0.0,0.0,-53961.414802607294,1249,0.013
