network,algorithm,pges_threads,SHD,loglike,bdeu,deltaMM,deltaMM+,deltaMM-,time(s),deltaBDeu,deltas,deltaSHD,deltaSHDemptySHD
alarm,Fges,1,7.909090909090909,-0.28156446513602745,-10.78838283738601,16.363636363636363,1.8181818181818181,14.545454545454545,0.9491818181818182,9.786729164287443,10.751341199809545,57.09090909090909,87.83216783216784
alarm,Fges-faithfulness,1,7.909090909090909,-0.28156446513602745,-10.78838283738601,16.363636363636363,1.8181818181818181,14.545454545454545,1.1134545454545455,9.786729164287443,9.030547878298409,57.09090909090909,87.83216783216784
alarm,GES,1,9.272727272727273,-0.4101761469264806,-10.873255062710609,19.09090909090909,4.7272727272727275,14.363636363636363,0.7856363636363636,9.701856938962845,12.490527099904279,55.72727272727273,85.73426573426573
alarm,pGES,2,8.090909090909092,-0.4196716439903339,-10.789201788211479,16.545454545454547,1.2727272727272727,15.272727272727273,1.0355454545454545,9.785910213461976,9.576440872388002,56.90909090909091,87.55244755244756
alarm,pGES,4,7.545454545454546,-0.4300787940457267,-10.787500608303882,15.090909090909092,0.9090909090909091,14.181818181818182,1.079090909090909,9.787611393369572,9.129843225923368,57.45454545454545,88.3916083916084
alarm,pGES,8,7.545454545454546,-0.4223725755718101,-10.787846062217866,15.090909090909092,0.9090909090909091,14.181818181818182,1.1298181818181818,9.787265939455587,8.69961171725285,57.45454545454545,88.3916083916084
alarm,pGES,16,7.2727272727272725,-0.44019185384340614,-10.787357024371806,14.545454545454545,0.5454545454545454,14.0,1.2527272727272727,9.787754977301647,7.870298980190782,57.72727272727273,88.81118881118881
alarm,pGES-jc,2,7.2727272727272725,-0.4199227997725982,-10.788218959282606,14.545454545454545,0.5454545454545454,14.0,1.0865454545454545,9.786893042390847,9.104839282608964,57.72727272727273,88.81118881118881
alarm,pGES-jc,4,7.363636363636363,-0.42028404641924644,-10.788721806283013,14.909090909090908,0.9090909090909091,14.0,1.1161818181818182,9.78639019539044,8.841359727467383,57.63636363636363,88.67132867132868
alarm,pGES-jc,8,7.363636363636363,-0.4266133641965251,-10.788721806283013,14.909090909090908,0.9090909090909091,14.0,1.2928181818181819,9.78639019539044,7.613107895711062,57.63636363636363,88.67132867132868
alarm,pGES-jc,16,7.545454545454546,-0.4278440207499845,-10.792013478931615,15.454545454545455,1.4545454545454546,14.0,1.4264545454545454,9.783098522741836,6.9056512156401455,57.45454545454545,88.3916083916084
andes,Fges,1,232.45454545454547,-0.420172983106478,-94.74011436546543,496.72727272727275,48.72727272727273,448.0,2.974909090909091,28.018070689219794,9.42271890818042,393.54545454545456,62.86668602962532
andes,Fges-faithfulness,1,179.27272727272728,-0.4187200075593655,-94.52303209783263,386.54545454545456,55.27272727272727,331.27272727272725,10.404545454545454,28.2351529568526,2.715132835591102,446.72727272727275,71.36218414173686
andes,GES,1,151.54545454545453,-0.5406987493887114,-94.31627883054607,326.90909090909093,7.2727272727272725,319.6363636363636,19.177,28.441906224139167,1.4853997189754395,474.45454545454544,75.7914609352309
andes,pGES,2,152.8181818181818,-0.5430409667799536,-94.31714498329757,329.6363636363636,7.2727272727272725,322.3636363636364,7.2784545454545455,28.44104007138765,3.9210777221206885,473.1818181818182,75.58814986930003
andes,pGES,4,153.36363636363637,-0.5429336806261641,-94.31667766996479,330.72727272727275,7.818181818181818,322.90909090909093,5.88109090909091,28.44150738472043,4.852573033527828,472.6363636363636,75.50101655532966
andes,pGES,8,151.0,-0.5430866582599289,-94.31476147716266,326.0,5.454545454545454,320.54545454545456,6.1431818181818185,28.443423577522573,4.651439088090949,475.0,75.87859424920129
andes,pGES,16,151.72727272727272,-0.542985122169461,-94.31537440984161,327.27272727272725,6.545454545454546,320.72727272727275,7.737181818181819,28.442810644843618,3.7139010393550422,474.27272727272725,75.76241649724078
andes,pGES-jc,2,152.27272727272728,-0.5430055762105866,-94.31601837690859,328.3636363636364,7.090909090909091,321.27272727272725,8.750181818181817,28.44216667777664,3.2788624262885535,473.72727272727275,75.6752831832704
andes,pGES-jc,4,151.1818181818182,-0.543009191352742,-94.31483419245764,326.1818181818182,6.0,320.1818181818182,6.619272727272727,28.443350862227586,4.323834134710294,474.8181818181818,75.84954981121115
andes,pGES-jc,8,151.1818181818182,-0.5429528189300896,-94.31484019537987,326.1818181818182,6.0,320.1818181818182,6.489454545454546,28.443344859305355,4.4149855403924345,474.8181818181818,75.84954981121115
andes,pGES-jc,16,151.9090909090909,-0.5429405761079104,-94.31588656719599,327.6363636363636,6.7272727272727275,320.90909090909093,7.958181818181817,28.442298487489253,3.5952744895176467,474.09090909090907,75.73337205925066
barley,Fges,1,59.54545454545455,-0.09611049818862692,-53.35754652911801,141.0909090909091,6.363636363636363,134.72727272727272,4.699727272727273,27.683378564637756,6.14786569660508,66.45454545454545,52.741702741702746
barley,Fges-faithfulness,1,55.90909090909091,-0.09462673672939557,-52.838532833510186,133.8181818181818,6.363636363636363,127.45454545454545,12.165999999999999,28.202392260245585,2.512511916381952,70.0909090909091,55.62770562770563
barley,GES,1,61.18181818181818,-0.11315401102867698,-53.2231294452414,154.0,14.181818181818182,139.8181818181818,1.6223636363636365,27.817795648514377,17.175963247952964,64.81818181818181,51.44300144300144
barley,pGES,2,56.0,-0.12141187887382753,-52.80011815860494,136.36363636363637,10.545454545454545,125.81818181818181,1.7829090909090908,28.240806935150832,15.921910957247801,70.0,55.55555555555555
barley,pGES,4,57.90909090909091,-0.12248299261326406,-52.95968897296353,138.9090909090909,13.818181818181818,125.0909090909091,1.7207272727272729,28.08123612079225,16.392238474769712,68.0909090909091,54.04040404040404
barley,pGES,8,60.45454545454545,-0.12139329891965663,-52.91757955428844,145.45454545454547,13.818181818181818,131.63636363636363,1.8023636363636364,28.123345539467337,15.814225251060087,65.54545454545455,52.020202020202014
barley,pGES,16,60.54545454545455,-0.12375824043812825,-53.23181433415425,146.1818181818182,14.727272727272727,131.45454545454547,2.1137272727272727,27.809110759601523,13.189271884684764,65.45454545454545,51.94805194805195
barley,pGES-jc,2,56.45454545454545,-0.12070164663129884,-52.81672409943977,138.1818181818182,10.909090909090908,127.27272727272727,2.1291818181818183,28.224200994316007,13.318879557276894,69.54545454545455,55.19480519480519
barley,pGES-jc,4,56.45454545454545,-0.12271664706164796,-52.80398006616111,138.1818181818182,10.909090909090908,127.27272727272727,1.9643636363636363,28.23694502759466,14.598293744390283,69.54545454545455,55.19480519480519
barley,pGES-jc,8,56.45454545454545,-0.12156246410175178,-52.82014308321456,138.36363636363637,10.545454545454545,127.81818181818181,2.801727272727273,28.220782010541214,11.267081090942261,69.54545454545455,55.19480519480519
barley,pGES-jc,16,56.09090909090909,-0.12230081087992097,-52.79338814411346,137.27272727272728,10.363636363636363,126.9090909090909,1.9221818181818184,28.24753694964232,14.836979264655453,69.9090909090909,55.483405483405484
child,Fges,1,5.363636363636363,-0.6122988085340774,-12.45872483375568,11.272727272727273,1.0909090909090908,10.181818181818182,5.243818181818182,4.756575760823573,1.0690681032586786,24.636363636363637,82.12121212121212
child,Fges-faithfulness,1,4.454545454545454,-0.6118102820321124,-12.454961863723172,9.454545454545455,1.0909090909090908,8.363636363636363,5.895363636363635,4.760338730856083,0.9304552082613401,25.545454545454547,85.15151515151516
child,GES,1,8.272727272727273,-0.7423601484925534,-12.469196002346303,16.545454545454547,0.5454545454545454,16.0,0.38127272727272726,4.746104592232952,12.7634343351263,21.727272727272727,72.42424242424242
child,pGES,2,1.0,-0.7720029900263543,-12.425288300316863,2.5454545454545454,1.0909090909090908,1.4545454545454546,0.8983636363636364,4.79001229426239,5.484257080702372,29.0,96.66666666666666
child,pGES,4,1.1818181818181819,-0.7180161859432967,-12.42701600408495,2.909090909090909,1.0909090909090908,1.8181818181818181,0.8447272727272727,4.788284590494305,5.750037827225199,28.818181818181817,96.06060606060606
child,pGES,8,1.7272727272727273,-0.7075943616624025,-12.428825504747062,4.0,1.0909090909090908,2.909090909090909,0.9079090909090909,4.7864750898321935,5.37213558076888,28.272727272727273,94.24242424242425
child,pGES,16,0.8181818181818182,-0.7288823477542267,-12.423665385594525,2.1818181818181817,1.0909090909090908,1.0909090909090908,1.1270909090909091,4.7916352089847285,4.31201247929927,29.181818181818183,97.27272727272727
child,pGES-jc,2,4.454545454545454,-0.7734726439612726,-12.450806946603183,9.454545454545455,1.0909090909090908,8.363636363636363,0.9175454545454546,4.764493647976071,5.392413187309493,25.545454545454547,85.15151515151514
child,pGES-jc,4,2.3636363636363638,-0.750616518682408,-12.436169142930494,5.454545454545454,1.2727272727272727,4.181818181818182,0.9672727272727273,4.779131451648761,5.030006838578322,27.636363636363637,92.12121212121212
child,pGES-jc,8,0.8181818181818182,-0.7123265455039256,-12.423665385594525,2.1818181818181817,1.0909090909090908,1.0909090909090908,0.9250909090909091,4.7916352089847285,5.25339109512196,29.181818181818183,97.27272727272727
child,pGES-jc,16,1.5454545454545454,-0.6627830036153862,-12.428307205147735,3.6363636363636362,1.0909090909090908,2.5454545454545454,0.9552727272727272,4.786993389431519,5.1095852280234375,28.454545454545453,94.84848484848484
diabetes,Fges,1,380.27272727272725,0.0,-277.62984861752153,855.8181818181819,308.3636363636364,547.4545454545455,206.19727272727275,471.3679079952244,2.289268791500404,438.72727272727275,53.56865356865357
diabetes,Fges-faithfulness,1,379.27272727272725,0.0,-272.1921903723056,853.8181818181819,321.6363636363636,532.1818181818181,765.1654545454545,476.8055662404403,0.6232422756772555,439.72727272727275,53.690753690753695
diabetes,GES,1,263.0,0.0,-226.32818032848957,615.8181818181819,231.27272727272728,384.54545454545456,167.75290909090907,522.6695762842563,3.1170668611978916,556.0,67.88766788766789
diabetes,pGES,2,263.90909090909093,0.0,-226.6575387700922,618.0,231.27272727272728,386.72727272727275,106.93718181818181,522.3402178426536,4.92894770168293,555.0909090909091,67.77666777666776
diabetes,pGES,4,269.45454545454544,0.0,-228.1426661139557,630.0,234.54545454545453,395.45454545454544,85.67027272727273,520.8550904987901,6.089409810551067,549.5454545454545,67.0995670995671
diabetes,pGES,8,272.1818181818182,0.0,-228.6178606307969,635.6363636363636,236.72727272727272,398.90909090909093,77.598,520.379895981949,6.720424475616057,546.8181818181819,66.76656676656677
diabetes,pGES,16,274.1818181818182,0.0,-229.5372234655836,638.9090909090909,238.0,400.90909090909093,88.61118181818182,519.4605331471622,5.8864868113412605,544.8181818181819,66.52236652236651
diabetes,pGES-jc,2,262.45454545454544,0.0,-226.7304257549696,614.5454545454545,228.54545454545453,386.0,153.09927272727273,522.2673308577763,3.4466979006623406,556.5454545454545,67.95426795426796
diabetes,pGES-jc,4,265.8181818181818,0.0,-227.5416009011389,622.1818181818181,231.0909090909091,391.09090909090907,145.56318181818182,521.456155711607,3.621941728624404,553.1818181818181,67.54356754356753
diabetes,pGES-jc,8,270.6363636363636,0.0,-230.1878501177102,631.2727272727273,235.8181818181818,395.45454545454544,113.99309090909091,518.8099064950358,4.5656474809439835,548.3636363636364,66.95526695526695
diabetes,pGES-jc,16,271.1818181818182,0.0,-230.25433697123196,634.3636363636364,236.36363636363637,398.0,102.46090909090908,518.7434196415139,5.074678994590354,547.8181818181819,66.88866688866689
hailfinder,Fges,1,45.90909090909091,-0.8800921065696516,-50.45630986548873,92.0,23.636363636363637,68.36363636363636,1669.1452727272726,19.374013316231114,0.011811554958156851,53.09090909090909,53.62718089990817
hailfinder,Fges-faithfulness,1,43.90909090909091,-0.8791896951936483,-50.418335211414686,88.0,23.636363636363637,64.36363636363636,1669.3483636363635,19.411987970305166,0.011830561387451154,55.09090909090909,55.647382920110196
hailfinder,GES,1,32.90909090909091,-1.1634434494578825,-50.4134307748149,66.0,12.545454545454545,53.45454545454545,1.1887272727272729,19.41689240690495,16.605499323649482,66.0909090909091,66.7584940312213
hailfinder,pGES,2,32.81818181818182,-1.0416976985515964,-50.41464837159995,65.81818181818181,12.363636363636363,53.45454545454545,1.1486363636363637,19.415674810119892,16.936116257379606,66.18181818181819,66.85032139577594
hailfinder,pGES,4,33.81818181818182,-1.0406392289755133,-50.41545155668668,68.36363636363636,13.636363636363637,54.72727272727273,1.2320909090909091,19.414871625033165,15.852877375946598,65.18181818181819,65.84022038567493
hailfinder,pGES,8,33.36363636363637,-1.042121216255255,-50.416062596626745,67.0909090909091,12.909090909090908,54.18181818181818,1.2620909090909092,19.4142605850931,15.446426936270262,65.63636363636364,66.29935720844811
hailfinder,pGES,16,33.0,-1.0422799942625156,-50.416203845008766,66.36363636363636,12.545454545454545,53.81818181818182,1.3929090909090909,19.414119336711085,14.031793940087205,66.0,66.66666666666666
hailfinder,pGES-jc,2,32.90909090909091,-1.0411903176519002,-50.4134307748149,66.0,12.545454545454545,53.45454545454545,1.3275454545454546,19.41689240690495,14.669018664184058,66.0909090909091,66.7584940312213
hailfinder,pGES-jc,4,32.90909090909091,-1.0410998383428718,-50.4134307748149,66.0,12.545454545454545,53.45454545454545,1.5058181818181817,19.41689240690495,12.948052595627797,66.0909090909091,66.7584940312213
hailfinder,pGES-jc,8,32.90909090909091,-1.0409652613712124,-50.4134307748149,66.0,12.545454545454545,53.45454545454545,1.482909090909091,19.41689240690495,13.109686862509134,66.0909090909091,66.7584940312213
hailfinder,pGES-jc,16,32.90909090909091,-1.0409652613712124,-50.4134307748149,66.0,12.545454545454545,53.45454545454545,1.6533636363636364,19.41689240690495,11.761713006080653,66.0909090909091,66.7584940312213
hepar2,Fges,1,92.18181818181819,-0.4682660148481386,-33.00043175604965,290.0,5.818181818181818,284.1818181818182,0.8202727272727273,2.2138986739636226,2.7225963360736958,65.81818181818181,41.65707710011508
hepar2,Fges-faithfulness,1,87.0,-0.4679891629471671,-32.99369386964609,272.72727272727275,7.636363636363637,265.09090909090907,1.6783636363636363,2.2206365603671903,1.3269881922793358,71.0,44.936708860759495
hepar2,GES,1,76.54545454545455,-0.479935059753492,-32.96253485314878,250.36363636363637,0.18181818181818182,250.1818181818182,1.3513636363636363,2.2517955768644926,1.6824465042114236,81.45454545454545,51.55350978135788
hepar2,pGES,2,75.63636363636364,-0.49963985951222656,-32.96091689059742,247.63636363636363,0.0,247.63636363636363,1.464909090909091,2.253413539415857,1.5466667972305765,82.36363636363636,52.1288837744534
hepar2,pGES,4,75.63636363636364,-0.4956387980066697,-32.960843357905965,247.27272727272728,0.18181818181818182,247.0909090909091,1.3717272727272727,2.253487072107315,1.656927943836517,82.36363636363636,52.1288837744534
hepar2,pGES,8,75.72727272727273,-0.49321999772149927,-32.9606526697954,248.1818181818182,0.18181818181818182,248.0,1.504181818181818,2.253677760217873,1.5071518179411572,82.27272727272727,52.07134637514385
hepar2,pGES,16,75.72727272727273,-0.4989744228218047,-32.9606526697954,248.1818181818182,0.18181818181818182,248.0,1.6603636363636363,2.2536777602178732,1.3661864830632386,82.27272727272727,52.07134637514385
hepar2,pGES-jc,2,75.72727272727273,-0.4989607755612803,-32.960980717625866,247.45454545454547,0.18181818181818182,247.27272727272728,1.548909090909091,2.2533497123874113,1.460237945570828,82.27272727272727,52.07134637514385
hepar2,pGES-jc,4,76.0,-0.49569502649021346,-32.96067984157242,248.72727272727272,0.18181818181818182,248.54545454545453,1.6130909090909091,2.2536505884408555,1.4027278389624547,82.0,51.89873417721519
hepar2,pGES-jc,8,76.0,-0.49569655280364894,-32.96067984157242,248.72727272727272,0.18181818181818182,248.54545454545453,1.7842727272727272,2.2536505884408555,1.2692153124418744,82.0,51.89873417721519
hepar2,pGES-jc,16,75.9090909090909,-0.4948015169801618,-32.9608091365779,247.8181818181818,0.18181818181818182,247.63636363636363,2.0238181818181817,2.2535212934353783,1.1182964014757644,82.0909090909091,51.956271576524735
insurance,Fges,1,23.818181818181817,-0.4009275827001522,-13.55824625219339,51.63636363636363,2.909090909090909,48.72727272727273,0.7321818181818182,7.991519649309667,11.145820628082438,46.18181818181818,65.97402597402596
insurance,Fges-faithfulness,1,22.818181818181817,-0.40080995944966696,-13.552389949954403,49.27272727272727,2.909090909090909,46.36363636363637,0.8435454545454545,7.997375951548656,9.656103481171321,47.18181818181818,67.40259740259741
insurance,GES,1,24.90909090909091,-0.4193655637602847,-13.562299224716373,56.90909090909091,4.7272727272727275,52.18181818181818,0.5594545454545454,7.987466676786685,14.334865433342891,45.09090909090909,64.41558441558442
insurance,pGES,2,23.272727272727273,-0.4264974149957928,-13.555298930163472,50.18181818181818,4.909090909090909,45.27272727272727,0.9510000000000001,7.994466971339586,8.44714268272875,46.72727272727273,66.75324675324674
insurance,pGES,4,24.636363636363637,-0.39966550559726366,-13.554393462253682,54.18181818181818,4.909090909090909,49.27272727272727,0.9489090909090908,7.995372439249377,8.43582656379469,45.36363636363637,64.8051948051948
insurance,pGES,8,26.636363636363637,-0.45449825556980966,-13.562069041812515,58.54545454545455,5.2727272727272725,53.27272727272727,1.053,7.9876968596905416,7.62652665418193,43.36363636363637,61.94805194805195
insurance,pGES,16,26.363636363636363,-0.4487876089853062,-13.554927531934915,59.45454545454545,5.818181818181818,53.63636363636363,1.188,7.994838369568143,6.753511675178072,43.63636363636363,62.337662337662344
insurance,pGES-jc,2,24.727272727272727,-0.43108534621216527,-13.566600384107888,52.72727272727273,5.636363636363637,47.09090909090909,1.0357272727272728,7.983165517395168,7.754644555880779,45.27272727272727,64.67532467532467
insurance,pGES-jc,4,24.545454545454547,-0.4297183692826217,-13.559400799482466,52.54545454545455,4.363636363636363,48.18181818181818,0.9747272727272727,7.990365102020593,8.239979470940582,45.45454545454545,64.93506493506493
insurance,pGES-jc,8,23.363636363636363,-0.4400573598494988,-13.551864659168785,50.54545454545455,3.272727272727273,47.27272727272727,1.1392727272727272,7.9979012423342715,7.038702867544515,46.63636363636363,66.62337662337663
insurance,pGES-jc,16,22.818181818181817,-0.4075901919276216,-13.549067464351936,49.45454545454545,2.909090909090909,46.54545454545455,1.192909090909091,8.000698437151122,6.715073106641285,47.18181818181818,67.4025974025974
link,Fges,1,1370.4545454545455,-0.24619511056902954,-286.18771081716346,2838.0,873.0909090909091,1964.909090909091,41.04545454545455,124.27116991676645,3.034484773181849,367.54545454545456,21.14760958259232
link,Fges-faithfulness,1,1083.7272727272727,-0.2057036679075677,-239.64009044015677,2269.4545454545455,902.3636363636364,1367.090909090909,199.07699999999997,170.8187902937732,0.8625947771381597,654.2727272727273,37.64515116644
link,GES,1,1032.3636363636363,-0.3165314476180599,-228.30564620190128,2114.7272727272725,824.5454545454545,1290.1818181818182,637.1666363636364,182.15323453202865,0.28599043575081146,705.6363636363636,40.60048122188513
link,pGES,2,952.8181818181819,-0.3097315034118506,-227.68653971522602,1950.1818181818182,647.2727272727273,1302.909090909091,273.0515454545455,182.7723410187039,0.6716761920617439,785.1818181818181,45.17731980332671
link,pGES,4,948.6363636363636,-0.3096272776376458,-227.4145309600938,1939.6363636363637,642.5454545454545,1297.090909090909,163.21072727272727,183.0443497738362,1.124822659499605,789.3636363636364,45.417930745893926
link,pGES,8,950.2727272727273,-0.309930117787999,-227.5414058823894,1942.3636363636363,640.5454545454545,1301.8181818181818,112.54145454545456,182.91747485154056,1.629767022879075,787.7272727272727,45.32377863793284
link,pGES,16,951.1818181818181,-0.31166665408037225,-227.40897925173968,1950.0,650.1818181818181,1299.8181818181818,116.65109090909091,183.04990148219028,1.5958630524349113,786.8181818181819,45.27147191128779
link,pGES-jc,2,952.3636363636364,-0.30665478405618557,-227.68427846861024,1949.090909090909,646.0,1303.090909090909,321.2841818181818,182.7746022653197,0.5805543101645189,785.6363636363636,45.20347316664923
link,pGES-jc,4,952.9090909090909,-0.3105531032755455,-227.68432578704224,1950.1818181818182,646.1818181818181,1304.0,243.35863636363638,182.77455494688772,0.7638478707678451,785.0909090909091,45.1720891306622
link,pGES-jc,8,952.8181818181819,-0.309210611777552,-227.68611557052117,1950.3636363636363,646.1818181818181,1304.1818181818182,162.77045454545453,182.77276516340882,1.1354058306869919,785.1818181818181,45.17731980332671
link,pGES-jc,16,953.3636363636364,-0.3102420337609861,-227.68471670122318,1951.090909090909,646.9090909090909,1304.1818181818182,152.29372727272727,182.77416403270678,1.2066385722356947,784.6363636363636,45.14593576733968
mildew,GES,1,41.27272727272727,-0.34909820732850544,-47.079005170605164,88.54545454545455,4.0,84.54545454545455,1.2287272727272727,15.346930073557768,12.512571051460828,38.72727272727273,48.40909090909091
mildew,pGES,2,42.72727272727273,-0.7634184031101232,-47.106114420891956,91.45454545454545,5.454545454545454,86.0,1.3903636363636365,15.31982082327097,11.18409549712605,37.27272727272727,46.59090909090909
mildew,pGES,4,44.18181818181818,-0.6416980110035735,-47.13443898708752,94.36363636363636,6.909090909090909,87.45454545454545,1.2635454545454545,15.291496257075401,12.259729357597642,35.81818181818182,44.77272727272727
mildew,pGES,8,44.18181818181818,-0.6416980110035735,-47.13443898708752,94.36363636363636,6.909090909090909,87.45454545454545,1.336,15.291496257075401,11.560327097823654,35.81818181818182,44.77272727272727
mildew,pGES,16,44.18181818181818,-0.6449361828489079,-47.13443898708752,94.36363636363636,6.909090909090909,87.45454545454545,1.4667272727272727,15.291496257075401,10.61035829516164,35.81818181818182,44.77272727272727
mildew,pGES-jc,2,41.27272727272727,-0.7813907684143507,-47.07900517060518,88.54545454545455,4.0,84.54545454545455,1.4331818181818183,15.34693007355775,10.772908893408095,38.72727272727273,48.40909090909091
mildew,pGES-jc,4,41.27272727272727,-0.7774185403624067,-47.07900517060518,88.54545454545455,4.0,84.54545454545455,1.5243636363636364,15.34693007355775,10.084863484013782,38.72727272727273,48.40909090909091
mildew,pGES-jc,8,41.27272727272727,-0.6621183081636054,-47.07900517060518,88.54545454545455,4.0,84.54545454545455,1.5908181818181817,15.34693007355775,9.666835159866809,38.72727272727273,48.40909090909091
mildew,pGES-jc,16,42.0,-0.6604392561669078,-47.09239105089541,90.0,4.7272727272727275,85.27272727272727,1.6478181818181818,15.333544193267523,9.369189710602454,38.0,47.5
munin,Fges,1,1489.6363636363637,0.0,-186.69733828070383,3224.7272727272725,952.5454545454545,2272.181818181818,12331.844181818182,158.63177211707975,0.01421163651929002,353.3636363636364,19.17328466433187
munin,Fges-faithfulness,1,1489.6363636363637,0.0,-186.5920354423621,3222.0,989.4545454545455,2232.5454545454545,12911.289454545455,158.73707495542146,0.013728782799545524,353.3636363636364,19.17328466433187
munin,GES,1,1468.4545454545455,0.0,-187.0735690869301,3203.090909090909,1015.2727272727273,2187.818181818182,1681.7304545454544,158.2555413108535,0.09415526455734793,374.54545454545456,20.322596556996988
munin,pGES,2,1505.4545454545455,0.0,-186.79249585941926,3292.7272727272725,1038.3636363636363,2254.3636363636365,992.1790909090909,158.53661453836432,0.16068106282070876,337.54545454545456,18.315000246633453
munin,pGES,4,1490.1818181818182,0.0,-186.69802892208128,3280.5454545454545,1031.090909090909,2249.4545454545455,652.9313636363636,158.63108147570227,0.2458505591385516,352.8181818181818,19.143688649928478
munin,pGES,8,1472.8181818181818,0.0,-186.71813185820295,3224.7272727272725,1007.0909090909091,2217.6363636363635,683.4246363636364,158.6109785395806,0.23298940180333502,370.1818181818182,20.08582844176984
munin,pGES,16,1494.6363636363637,0.0,-186.8106250535996,3298.181818181818,1039.8181818181818,2258.3636363636365,805.739909090909,158.51848534418394,0.19932442171854212,348.3636363636364,18.901987865634094
munin,pGES-jc,2,1478.4545454545455,0.0,-186.6266238705043,3227.2727272727275,1004.3636363636364,2222.909090909091,1652.9428181818182,158.70248652727926,0.0963568189095295,364.54545454545456,19.78000295960144
munin,pGES-jc,4,1486.8181818181818,0.0,-186.61168661394092,3237.4545454545455,1027.8181818181818,2209.6363636363635,1605.0270909090907,158.71742378384263,0.09920648239745052,356.1818181818182,19.326197405416067
munin,pGES-jc,8,1481.3636363636363,0.0,-186.6230698592929,3241.818181818182,1021.2727272727273,2220.5454545454545,1201.3112727272726,158.70604053849064,0.13238814059701787,361.6363636363636,19.62215754945001
munin,pGES-jc,16,1476.6363636363637,0.0,-186.63941097207973,3225.6363636363635,1023.2727272727273,2202.3636363636365,1341.7086363636363,158.68969942570382,0.12006291971115145,366.3636363636364,19.878656340946087
pathfinder,Fges,1,394.0,-0.0674737089223235,-29.257147184648474,1040.7272727272727,514.3636363636364,526.3636363636364,22320.98809090909,33.02688356098293,0.0018799065026795412,-186.0,-89.42307692307692
pathfinder,Fges-faithfulness,1,403.0,-0.06725706069833984,-29.214601057916976,1059.090909090909,533.8181818181819,525.2727272727273,22868.785454545457,33.06942968771443,0.001868466590865587,-195.0,-93.75
pathfinder,GES,1,248.72727272727272,-0.1317568825989192,-28.115774537363738,653.4545454545455,276.90909090909093,376.54545454545456,4.934272727272727,34.168256208267664,6.971887031547177,-40.72727272727273,-19.58041958041958
pathfinder,pGES,2,259.54545454545456,-0.10762784778364098,-28.09229549399048,712.3636363636364,292.1818181818182,420.1818181818182,6.0231818181818175,34.19173525164092,5.707418015868059,-51.54545454545455,-24.781468531468533
pathfinder,pGES,4,257.90909090909093,-0.10903124489043897,-28.076046045278563,711.4545454545455,286.90909090909093,424.54545454545456,5.549363636363636,34.20798470035284,6.194918331294363,-49.90909090909091,-23.994755244755243
pathfinder,pGES,8,256.72727272727275,-0.11641307132223501,-28.095153312745524,704.7272727272727,283.27272727272725,421.45454545454544,5.86890909090909,34.18887743288588,5.878616449000446,-48.72727272727273,-23.426573426573427
pathfinder,pGES,16,257.27272727272725,-0.11672126278269128,-28.08122854712249,707.6363636363636,285.8181818181818,421.8181818181818,6.514545454545455,34.20280219850892,5.283554746700126,-49.27272727272727,-23.68881118881119
pathfinder,pGES-jc,2,255.1818181818182,-0.10959702368412633,-28.068771546608694,701.6363636363636,281.8181818181818,419.8181818181818,6.191999999999999,34.21525919902271,5.5828784201374155,-47.18181818181818,-22.683566433566433
pathfinder,pGES-jc,4,256.6363636363636,-0.11279697366989709,-28.066944717772483,705.0909090909091,285.45454545454544,419.6363636363636,7.0476363636363635,34.21708602785892,4.882825507810523,-48.63636363636363,-23.382867132867133
pathfinder,pGES-jc,8,257.27272727272725,-0.11441621028330973,-28.067547028870532,706.7272727272727,286.0,420.72727272727275,7.819,34.21648371676087,4.397037875084351,-49.27272727272727,-23.68881118881119
pathfinder,pGES-jc,16,255.8181818181818,-0.11438660916745567,-28.066929224544833,703.2727272727273,284.72727272727275,418.54545454545456,9.896363636363636,34.21710152108657,3.489210060267344,-47.81818181818182,-22.98951048951049
pigs,Fges,1,309.0,-0.7708446836041541,-345.18262036645274,659.6363636363636,466.72727272727275,192.9090909090909,20.229,114.5745006375605,5.666267516360682,497.0,61.66253101736972
pigs,Fges-faithfulness,1,309.1818181818182,-0.7708409343461387,-345.18181308570865,660.0,467.09090909090907,192.9090909090909,47.77272727272727,114.57530791830459,2.398664629764249,496.8181818181818,61.639972930295514
pigs,GES,1,0.0,-1.0293780273730102,-334.9989484917748,0.0,0.0,0.0,142.018,124.75817251223845,0.8788409396795028,806.0,100.0
pigs,pGES,2,0.0,-1.0315612392090203,-334.99894849177485,0.0,0.0,0.0,46.04663636363636,124.75817251223839,2.73652943128835,806.0,100.0
pigs,pGES,4,0.0,-1.0315032117230263,-334.99894849177485,0.0,0.0,0.0,30.194000000000003,124.75817251223839,4.14538212671491,806.0,100.0
pigs,pGES,8,0.0,-1.0311265264871732,-334.99894849177485,0.0,0.0,0.0,25.175,124.75817251223839,4.987771495222218,806.0,100.0
pigs,pGES,16,0.0,-1.0314582075992136,-334.99894849177485,0.0,0.0,0.0,25.776545454545456,124.75817251223839,4.845316000493505,806.0,100.0
pigs,pGES-jc,2,0.0,-1.031515950113326,-334.99942088704853,0.0,0.0,0.0,61.268454545454546,124.75770011696471,2.0653105915943804,806.0,100.0
pigs,pGES-jc,4,0.0,-1.0314063738173658,-334.99894849177485,0.0,0.0,0.0,43.263363636363636,124.75817251223839,2.925551003941186,806.0,100.0
pigs,pGES-jc,8,0.0,-1.0312204905607747,-334.99894849177485,0.0,0.0,0.0,31.033090909090905,124.75817251223839,4.069478065133158,806.0,100.0
pigs,pGES-jc,16,0.0,-1.0314324282654714,-334.99894849177485,0.0,0.0,0.0,26.447545454545455,124.75817251223839,4.72880752549669,806.0,100.0
water,Fges,1,90.0909090909091,-0.4061761213022757,-13.17510403666617,217.8181818181818,4.909090909090909,212.9090909090909,0.3942727272727273,3.817749990740478,9.767774131830883,32.90909090909091,26.755358462675535
water,Fges-faithfulness,1,88.63636363636364,-0.4059941797207776,-13.171396630653362,214.72727272727272,4.909090909090909,209.8181818181818,0.6780909090909091,3.8214573967532854,5.81419607852139,34.36363636363637,27.93791574279379
water,GES,1,91.0,-0.47058220441271126,-13.177378514211261,219.63636363636363,4.909090909090909,214.72727272727272,0.5018181818181818,3.8154755131953872,7.7089538186513265,32.0,26.016260162601625
water,pGES,2,87.27272727272727,-0.48772292550879204,-13.166097353610276,212.36363636363637,5.090909090909091,207.27272727272728,0.854,3.8267566737963716,4.523230721534353,35.72727272727273,29.046563192904657
water,pGES,4,87.0,-0.4725585988973162,-13.1643025034723,211.63636363636363,4.909090909090909,206.72727272727272,0.9009090909090909,3.828551523934347,4.28966966552262,36.0,29.268292682926827
water,pGES,8,87.45454545454545,-0.48131814793650185,-13.186386484733744,212.54545454545453,5.636363636363637,206.9090909090909,0.9803636363636364,3.806467542672904,3.8992384262604443,35.54545454545455,28.898743532889874
water,pGES,16,87.18181818181819,-0.4850034228278697,-13.185590306753989,212.0,5.636363636363637,206.36363636363637,1.1446363636363637,3.8072637206526583,3.411189198989988,35.81818181818182,29.12047302291205
water,pGES-jc,2,87.54545454545455,-0.49288530751678505,-13.166814211836606,213.0909090909091,5.454545454545454,207.63636363636363,0.8863636363636364,3.826039815570042,4.383393984757464,35.45454545454545,28.824833702882483
water,pGES-jc,4,88.0909090909091,-0.4885468923103646,-13.166842789817737,214.0,5.454545454545454,208.54545454545453,0.9176363636363636,3.8260112375889084,4.174665723807738,34.90909090909091,28.381374722838135
water,pGES-jc,8,87.81818181818181,-0.4796771328909824,-13.187200381437288,213.0909090909091,5.636363636363637,207.45454545454547,1.0156363636363637,3.80565364596936,3.7708519862947325,35.18181818181818,28.60310421286031
water,pGES-jc,16,87.63636363636364,-0.494815140157371,-13.166353398190108,212.72727272727272,5.090909090909091,207.63636363636363,1.1128181818181817,3.826500629216541,3.5035799726293515,35.36363636363637,28.75092387287509
win95pts,Fges,1,87.18181818181819,-0.10969479653066389,-9.587944139778473,199.0909090909091,68.9090909090909,130.1818181818182,1.426909090909091,9.508927462062367,6.681073144694016,137.8181818181818,61.25252525252526
win95pts,Fges-faithfulness,1,69.27272727272727,-0.10759336684843106,-9.4400150273166,173.27272727272728,92.36363636363636,80.9090909090909,2.386090909090909,9.65685657452424,4.054413696716696,155.72727272727272,69.21212121212122
win95pts,GES,1,60.63636363636363,-0.21174795148009598,-9.427883750959568,161.45454545454547,88.18181818181819,73.27272727272727,1.8491818181818183,9.66898785088127,5.243962075322413,164.36363636363637,73.05050505050505
win95pts,pGES,2,62.54545454545455,-0.20004963722897132,-9.422763652807259,159.8181818181818,78.18181818181819,81.63636363636364,2.075090909090909,9.674107949033582,4.709042912906465,162.45454545454547,72.2020202020202
win95pts,pGES,4,55.63636363636363,-0.20022516319970773,-9.412300477594185,143.0909090909091,67.81818181818181,75.27272727272727,2.308909090909091,9.684571124246654,4.211325090432947,169.36363636363637,75.27272727272727
win95pts,pGES,8,60.63636363636363,-0.1989822540459435,-9.417350122120439,152.36363636363637,73.81818181818181,78.54545454545455,2.5136363636363637,9.6795214797204,3.9108061182223337,164.36363636363637,73.05050505050505
win95pts,pGES,16,54.72727272727273,-0.20150813114983526,-9.408790378999278,140.9090909090909,65.81818181818181,75.0909090909091,2.767,9.688081222841559,3.5238655137811987,170.27272727272728,75.67676767676767
win95pts,pGES-jc,2,60.27272727272727,-0.19995628823895242,-9.418745210385055,160.0,81.45454545454545,78.54545454545455,2.1424545454545454,9.678126391455784,4.541329696915662,164.72727272727272,73.2121212121212
win95pts,pGES-jc,4,57.81818181818182,-0.1995474321231435,-9.412555125050567,154.0,76.9090909090909,77.0909090909091,2.4016363636363636,9.684316476790272,4.047348902854449,167.1818181818182,74.3030303030303
win95pts,pGES-jc,8,61.27272727272727,-0.1994676518570884,-9.418049168332509,160.9090909090909,82.18181818181819,78.72727272727273,2.5542727272727275,9.67882243350833,3.7995147249580437,163.72727272727272,72.76767676767678
win95pts,pGES-jc,16,56.45454545454545,-0.20198013777765372,-9.414600245440853,148.0,71.27272727272727,76.72727272727273,2.8823636363636362,9.682271356399983,3.378839039119336,168.54545454545453,74.9090909090909
